Workbook

Sheet Dataset Asli
A1: DATASET ASLI - DRUG200 (200 DATA)
A3: Age | B3: BP | C3: Cholesterol | D3: Na_to_K | E3: ClassDrug
A4: YOUNG | B4: HIGH | C4: HIGH | D4: NORMAL | E4: drugA
A5: YOUNG | B5: HIGH | C5: HIGH | D5: NORMAL | E5: drugA
A6: YOUNG | B6: HIGH | C6: HIGH | D6: LOW | E6: drugA
A7: YOUNG | B7: HIGH | C7: NORMAL | D7: LOW | E7: drugA
A8: ADULT | B8: HIGH | C8: NORMAL | D8: NORMAL | E8: drugA
A9: ADULT | B9: HIGH | C9: HIGH | D9: NORMAL | E9: drugA
A10: ADULT | B10: HIGH | C10: NORMAL | D10: NORMAL | E10: drugA
A11: ADULT | B11: HIGH | C11: NORMAL | D11: NORMAL | E11: drugA
A12: ADULT | B12: HIGH | C12: NORMAL | D12: LOW | E12: drugA
A13: ADULT | B13: HIGH | C13: NORMAL | D13: NORMAL | E13: drugA
A14: ADULT | B14: HIGH | C14: HIGH | D14: NORMAL | E14: drugA
... A203: OLD | B203: LOW | C203: HIGH | D203: HIGH | E203: DrugY

Sheet Splitting Data
A1: STRATIFIED SPLIT 80:20 (TRAIN 160 / TEST 40)
A2: Metode: stratified sampling per kelas ClassDrug, random_state=42, proporsi kelas dijaga sama seperti data asli.
A4: No | B4: Age | C4: BP | D4: Cholesterol | E4: Na_to_K | F4: ClassDrug | G4: Set | H4: Baris Asal (Dataset Asli)
A5: 1 | B5: YOUNG | C5: HIGH | D5: HIGH | E5: NORMAL | F5: drugA | G5: Train | H5: 2
A6: 2 | B6: YOUNG | C6: HIGH | D6: HIGH | E6: LOW | F6: drugA | G6: Train | H6: 3
A7: 3 | B7: YOUNG | C7: HIGH | D7: NORMAL | E7: LOW | F7: drugA | G7: Train | H7: 4
A8: 4 | B8: ADULT | C8: HIGH | D8: NORMAL | E8: NORMAL | F8: drugA | G8: Train | H8: 5
A9: 5 | B9: ADULT | C9: HIGH | D9: HIGH | E9: NORMAL | F9: drugA | G9: Train | H9: 6
A10: 6 | B10: ADULT | C10: HIGH | D10: NORMAL | E10: NORMAL | F10: drugA | G10: Train | H10: 7
A11: 7 | B11: ADULT | C11: HIGH | D11: NORMAL | E11: LOW | F11: drugA | G11: Train | H11: 9
A12: 8 | B12: ADULT | C12: HIGH | D12: NORMAL | E12: NORMAL | F12: drugA | G12: Train | H12: 10
A13: 9 | B13: ADULT | C13: HIGH | D13: HIGH | E13: NORMAL | F13: drugA | G13: Train | H13: 13
A14: 10 | B14: ADULT | C14: HIGH | D14: NORMAL | E14: NORMAL | F14: drugA | G14: Train | H14: 14
A15: 11 | B15: ADULT | C15: HIGH | D15: HIGH | E15: LOW | F15: drugA | G15: Train | H15: 15
A16: 12 | B16: ADULT | C16: HIGH | D16: NORMAL | E16: NORMAL | F16: drugA | G16: Train | H16: 16
... A204: 200 | B204: OLD | C204: LOW | D204: HIGH | E204: NORMAL | F204: DrugY | G204: Test | H204: 194

Sheet Prior & Likelihood
A1: PRIOR & LIKELIHOOD - DIHITUNG DARI 160 DATA TRAIN
A2: Sumber data: sheet Splitting Data, baris 5-164 (Set = Train). Struktur tabel sama persis seperti simulasi manual, hanya sumber datanya diganti.
A3: 1. TABEL PRIOR P(Kelas) - dari Train
A4: Kelas | B4: Jumlah | C4: Prior
A5: drugA | B5: =COUNTIF('Splitting Data'!$F$5:$F$164,A5) -> 18 | C5: =B5/$B$10 -> 0.1125
A6: drugB | B6: =COUNTIF('Splitting Data'!$F$5:$F$164,A6) -> 13 | C6: =B6/$B$10 -> 0.08125
A7: drugC | B7: =COUNTIF('Splitting Data'!$F$5:$F$164,A7) -> 13 | C7: =B7/$B$10 -> 0.08125
A8: drugX | B8: =COUNTIF('Splitting Data'!$F$5:$F$164,A8) -> 43 | C8: =B8/$B$10 -> 0.26875
A9: DrugY | B9: =COUNTIF('Splitting Data'!$F$5:$F$164,A9) -> 73 | C9: =B9/$B$10 -> 0.45625
A10: Total | B10: =SUM(B5:B9) -> 160 | C10: =SUM(C5:C9) -> 1
A13: 2. TABEL KONTINGENSI & LIKELIHOOD - AGE
A14: Kelas | B14: YOUNG | C14: ADULT | D14: OLD | E14: Total
A15: drugA | B15: =COUNTIFS('Splitting Data'!$F$5:$F$164,$A15,'Splitting Data'!$B$5:$B$164,B$14) -> 3 | C15: =COUNTIFS('Splitting Data'!$F$5:$F$164,$A15,'Splitting Data'!$B$5:$B$164,C$14) -> 10 | D15: =COUNTIFS('Splitting Data'!$F$5:$F$164,$A15,'Splitting Data'!$B$5:$B$164,D$14) -> 5 | E15: =SUM(B15:D15) -> 18
A16: drugB | B16: =COUNTIFS('Splitting Data'!$F$5:$F$164,$A16,'Splitting Data'!$B$5:$B$164,B$14) -> 0 | C16: =COUNTIFS('Splitting Data'!$F$5:$F$164,$A16,'Splitting Data'!$B$5:$B$164,C$14) -> 0 | D16: =COUNTIFS('Splitting Data'!$F$5:$F$164,$A16,'Splitting Data'!$B$5:$B$164,D$14) -> 13 | E16: =SUM(B16:D16) -> 13
A17: drugC | B17: =COUNTIFS('Splitting Data'!$F$5:$F$164,$A17,'Splitting Data'!$B$5:$B$164,B$14) -> 1 | C17: =COUNTIFS('Splitting Data'!$F$5:$F$164,$A17,'Splitting Data'!$B$5:$B$164,C$14) -> 3 | D17: =COUNTIFS('Splitting Data'!$F$5:$F$164,$A17,'Splitting Data'!$B$5:$B$164,D$14) -> 9 | E17: =SUM(B17:D17) -> 13
A18: drugX | B18: =COUNTIFS('Splitting Data'!$F$5:$F$164,$A18,'Splitting Data'!$B$5:$B$164,B$14) -> 9 | C18: =COUNTIFS('Splitting Data'!$F$5:$F$164,$A18,'Splitting Data'!$B$5:$B$164,C$14) -> 12 | D18: =COUNTIFS('Splitting Data'!$F$5:$F$164,$A18,'Splitting Data'!$B$5:$B$164,D$14) -> 22 | E18: =SUM(B18:D18) -> 43
A19: DrugY | B19: =COUNTIFS('Splitting Data'!$F$5:$F$164,$A19,'Splitting Data'!$B$5:$B$164,B$14) -> 13 | C19: =COUNTIFS('Splitting Data'!$F$5:$F$164,$A19,'Splitting Data'!$B$5:$B$164,C$14) -> 28 | D19: =COUNTIFS('Splitting Data'!$F$5:$F$164,$A19,'Splitting Data'!$B$5:$B$164,D$14) -> 32 | E19: =SUM(B19:D19) -> 73
A20: Total | B20: =SUM(B15:B19) -> 26 | C20: =SUM(C15:C19) -> 53 | D20: =SUM(D15:D19) -> 81 | E20: =SUM(E15:E19) -> 160
A22: LIKELIHOOD P(Age | Kelas)
A23: Kelas | B23: YOUNG | C23: ADULT | D23: OLD
A24: drugA | B24: =B15/E15 -> 0.16666667 | C24: =C15/E15 -> 0.55555556 | D24: =D15/E15 -> 0.27777778
A25: drugB | B25: =B16/E16 -> 0 | C25: =C16/E16 -> 0 | D25: =D16/E16 -> 1
A26: drugC | B26: =B17/E17 -> 0.076923077 | C26: =C17/E17 -> 0.23076923 | D26: =D17/E17 -> 0.69230769
A27: drugX | B27: =B18/E18 -> 0.20930233 | C27: =C18/E18 -> 0.27906977 | D27: =D18/E18 -> 0.51162791
A28: DrugY | B28: =B19/E19 -> 0.17808219 | C28: =C19/E19 -> 0.38356164 | D28: =D19/E19 -> 0.43835616
A31: 3. TABEL KONTINGENSI & LIKELIHOOD - BP
A32: Kelas | B32: HIGH | C32: LOW | D32: NORMAL | E32: Total
A33: drugA | B33: =COUNTIFS('Splitting Data'!$F$5:$F$164,$A33,'Splitting Data'!$C$5:$C$164,B$32) -> 18 | C33: =COUNTIFS('Splitting Data'!$F$5:$F$164,$A33,'Splitting Data'!$C$5:$C$164,C$32) -> 0 | D33: =COUNTIFS('Splitting Data'!$F$5:$F$164,$A33,'Splitting Data'!$C$5:$C$164,D$32) -> 0 | E33: =SUM(B33:D33) -> 18
A34: drugB | B34: =COUNTIFS('Splitting Data'!$F$5:$F$164,$A34,'Splitting Data'!$C$5:$C$164,B$32) -> 13 | C34: =COUNTIFS('Splitting Data'!$F$5:$F$164,$A34,'Splitting Data'!$C$5:$C$164,C$32) -> 0 | D34: =COUNTIFS('Splitting Data'!$F$5:$F$164,$A34,'Splitting Data'!$C$5:$C$164,D$32) -> 0 | E34: =SUM(B34:D34) -> 13
A35: drugC | B35: =COUNTIFS('Splitting Data'!$F$5:$F$164,$A35,'Splitting Data'!$C$5:$C$164,B$32) -> 0 | C35: =COUNTIFS('Splitting Data'!$F$5:$F$164,$A35,'Splitting Data'!$C$5:$C$164,C$32) -> 13 | D35: =COUNTIFS('Splitting Data'!$F$5:$F$164,$A35,'Splitting Data'!$C$5:$C$164,D$32) -> 0 | E35: =SUM(B35:D35) -> 13
A36: drugX | B36: =COUNTIFS('Splitting Data'!$F$5:$F$164,$A36,'Splitting Data'!$C$5:$C$164,B$32) -> 0 | C36: =COUNTIFS('Splitting Data'!$F$5:$F$164,$A36,'Splitting Data'!$C$5:$C$164,C$32) -> 14 | D36: =COUNTIFS('Splitting Data'!$F$5:$F$164,$A36,'Splitting Data'!$C$5:$C$164,D$32) -> 29 | E36: =SUM(B36:D36) -> 43
A37: DrugY | B37: =COUNTIFS('Splitting Data'!$F$5:$F$164,$A37,'Splitting Data'!$C$5:$C$164,B$32) -> 31 | C37: =COUNTIFS('Splitting Data'!$F$5:$F$164,$A37,'Splitting Data'!$C$5:$C$164,C$32) -> 21 | D37: =COUNTIFS('Splitting Data'!$F$5:$F$164,$A37,'Splitting Data'!$C$5:$C$164,D$32) -> 21 | E37: =SUM(B37:D37) -> 73
A38: Total | B38: =SUM(B33:B37) -> 62 | C38: =SUM(C33:C37) -> 48 | D38: =SUM(D33:D37) -> 50 | E38: =SUM(E33:E37) -> 160
A40: LIKELIHOOD P(BP | Kelas)
A41: Kelas | B41: HIGH | C41: LOW | D41: NORMAL
A42: drugA | B42: =B33/E33 -> 1 | C42: =C33/E33 -> 0 | D42: =D33/E33 -> 0
A43: drugB | B43: =B34/E34 -> 1 | C43: =C34/E34 -> 0 | D43: =D34/E34 -> 0
A44: drugC | B44: =B35/E35 -> 0 | C44: =C35/E35 -> 1 | D44: =D35/E35 -> 0
A45: drugX | B45: =B36/E36 -> 0 | C45: =C36/E36 -> 0.3255814 | D45: =D36/E36 -> 0.6744186
A46: DrugY | B46: =B37/E37 -> 0.42465753 | C46: =C37/E37 -> 0.28767123 | D46: =D37/E37 -> 0.28767123
A49: 4. TABEL KONTINGENSI & LIKELIHOOD - CHOLESTEROL
A50: Kelas | B50: HIGH | C50: NORMAL | D50: Total
A51: drugA | B51: =COUNTIFS('Splitting Data'!$F$5:$F$164,$A51,'Splitting Data'!$D$5:$D$164,B$50) -> 8 | C51: =COUNTIFS('Splitting Data'!$F$5:$F$164,$A51,'Splitting Data'!$D$5:$D$164,C$50) -> 10 | D51: =SUM(B51:C51) -> 18
A52: drugB | B52: =COUNTIFS('Splitting Data'!$F$5:$F$164,$A52,'Splitting Data'!$D$5:$D$164,B$50) -> 6 | C52: =COUNTIFS('Splitting Data'!$F$5:$F$164,$A52,'Splitting Data'!$D$5:$D$164,C$50) -> 7 | D52: =SUM(B52:C52) -> 13
A53: drugC | B53: =COUNTIFS('Splitting Data'!$F$5:$F$164,$A53,'Splitting Data'!$D$5:$D$164,B$50) -> 13 | C53: =COUNTIFS('Splitting Data'!$F$5:$F$164,$A53,'Splitting Data'!$D$5:$D$164,C$50) -> 0 | D53: =SUM(B53:C53) -> 13
A54: drugX | B54: =COUNTIFS('Splitting Data'!$F$5:$F$164,$A54,'Splitting Data'!$D$5:$D$164,B$50) -> 17 | C54: =COUNTIFS('Splitting Data'!$F$5:$F$164,$A54,'Splitting Data'!$D$5:$D$164,C$50) -> 26 | D54: =SUM(B54:C54) -> 43
A55: DrugY | B55: =COUNTIFS('Splitting Data'!$F$5:$F$164,$A55,'Splitting Data'!$D$5:$D$164,B$50) -> 39 | C55: =COUNTIFS('Splitting Data'!$F$5:$F$164,$A55,'Splitting Data'!$D$5:$D$164,C$50) -> 34 | D55: =SUM(B55:C55) -> 73
A56: Total | B56: =SUM(B51:B55) -> 83 | C56: =SUM(C51:C55) -> 77 | D56: =SUM(D51:D55) -> 160
A58: LIKELIHOOD P(Cholesterol | Kelas)
A59: Kelas | B59: HIGH | C59: NORMAL
A60: drugA | B60: =B51/D51 -> 0.44444444 | C60: =C51/D51 -> 0.55555556
A61: drugB | B61: =B52/D52 -> 0.46153846 | C61: =C52/D52 -> 0.53846154
A62: drugC | B62: =B53/D53 -> 1 | C62: =C53/D53 -> 0
A63: drugX | B63: =B54/D54 -> 0.39534884 | C63: =C54/D54 -> 0.60465116
A64: DrugY | B64: =B55/D55 -> 0.53424658 | C64: =C55/D55 -> 0.46575342
A67: 5. TABEL KONTINGENSI & LIKELIHOOD - NA_TO_K
A68: Kelas | B68: HIGH | C68: LOW | D68: NORMAL | E68: Total
A69: drugA | B69: =COUNTIFS('Splitting Data'!$F$5:$F$164,$A69,'Splitting Data'!$E$5:$E$164,B$68) -> 2 | C69: =COUNTIFS('Splitting Data'!$F$5:$F$164,$A69,'Splitting Data'!$E$5:$E$164,C$68) -> 5 | D69: =COUNTIFS('Splitting Data'!$F$5:$F$164,$A69,'Splitting Data'!$E$5:$E$164,D$68) -> 11 | E69: =SUM(B69:D69) -> 18
A70: drugB | B70: =COUNTIFS('Splitting Data'!$F$5:$F$164,$A70,'Splitting Data'!$E$5:$E$164,B$68) -> 1 | C70: =COUNTIFS('Splitting Data'!$F$5:$F$164,$A70,'Splitting Data'!$E$5:$E$164,C$68) -> 3 | D70: =COUNTIFS('Splitting Data'!$F$5:$F$164,$A70,'Splitting Data'!$E$5:$E$164,D$68) -> 9 | E70: =SUM(B70:D70) -> 13
A71: drugC | B71: =COUNTIFS('Splitting Data'!$F$5:$F$164,$A71,'Splitting Data'!$E$5:$E$164,B$68) -> 1 | C71: =COUNTIFS('Splitting Data'!$F$5:$F$164,$A71,'Splitting Data'!$E$5:$E$164,C$68) -> 3 | D71: =COUNTIFS('Splitting Data'!$F$5:$F$164,$A71,'Splitting Data'!$E$5:$E$164,D$68) -> 9 | E71: =SUM(B71:D71) -> 13
A72: drugX | B72: =COUNTIFS('Splitting Data'!$F$5:$F$164,$A72,'Splitting Data'!$E$5:$E$164,B$68) -> 5 | C72: =COUNTIFS('Splitting Data'!$F$5:$F$164,$A72,'Splitting Data'!$E$5:$E$164,C$68) -> 15 | D72: =COUNTIFS('Splitting Data'!$F$5:$F$164,$A72,'Splitting Data'!$E$5:$E$164,D$68) -> 23 | E72: =SUM(B72:D72) -> 43
A73: DrugY | B73: =COUNTIFS('Splitting Data'!$F$5:$F$164,$A73,'Splitting Data'!$E$5:$E$164,B$68) -> 42 | C73: =COUNTIFS('Splitting Data'!$F$5:$F$164,$A73,'Splitting Data'!$E$5:$E$164,C$68) -> 0 | D73: =COUNTIFS('Splitting Data'!$F$5:$F$164,$A73,'Splitting Data'!$E$5:$E$164,D$68) -> 31 | E73: =SUM(B73:D73) -> 73
A74: Total | B74: =SUM(B69:B73) -> 51 | C74: =SUM(C69:C73) -> 26 | D74: =SUM(D69:D73) -> 83 | E74: =SUM(E69:E73) -> 160
A76: LIKELIHOOD P(Na_to_K | Kelas)
A77: Kelas | B77: HIGH | C77: LOW | D77: NORMAL
A78: drugA | B78: =B69/E69 -> 0.11111111 | C78: =C69/E69 -> 0.27777778 | D78: =D69/E69 -> 0.61111111
A79: drugB | B79: =B70/E70 -> 0.076923077 | C79: =C70/E70 -> 0.23076923 | D79: =D70/E70 -> 0.69230769
A80: drugC | B80: =B71/E71 -> 0.076923077 | C80: =C71/E71 -> 0.23076923 | D80: =D71/E71 -> 0.69230769
A81: drugX | B81: =B72/E72 -> 0.11627907 | C81: =C72/E72 -> 0.34883721 | D81: =D72/E72 -> 0.53488372
A82: DrugY | B82: =B73/E73 -> 0.57534247 | C82: =C73/E73 -> 0 | D82: =D73/E73 -> 0.42465753

Sheet Prediksi & Evaluasi
A1: PREDIKSI NAIVE BAYES PADA 40 DATA TEST & EVALUASI AKURASI
A2: Data uji diambil dari sheet Splitting Data (Set=Test, baris 165-204). Posterior = Prior x Likelihood(Age) x Likelihood(BP) x Likelihood(Chol) x Likelihood(Na_to_K), dihitung dari tabel di sheet Prior & Likelihood.
A4: No | B4: Age | C4: BP | D4: Cholesterol | E4: Na_to_K | F4: ClassDrug (Aktual) | G4: Skor drugA | H4: Skor drugB | I4: Skor drugC | J4: Skor drugX | K4: Skor DrugY | L4: Prediksi | M4: Benar?
A5: 1 | B5: ='Splitting Data'!B165 -> YOUNG | C5: ='Splitting Data'!C165 -> HIGH | D5: ='Splitting Data'!D165 -> HIGH | E5: ='Splitting Data'!E165 -> NORMAL | F5: ='Splitting Data'!F165 -> drugA | G5: ='Prior & Likelihood'!C5*INDEX('Prior & Likelihood'!$B$24:$D$24,MATCH($B5,'Prior & Likelihood'!$B$23:$D$23,0))*INDEX('Prior & Likelihood'!$B$42:$D$42,MATCH($C5,'Prior & Likelihood'!$B$41:$D$41,0))*INDEX('Prior & Likelihood'!$B$60:$C$60,MATCH($D5,'Prior & Likelihood'!$B$59:$C$59,0))*INDEX('Prior & Likelihood'!$B$78:$D$78,MATCH($E5,'Prior & Likelihood'!$B$77:$D$77,0)) -> 0.0050925926 | H5: ='Prior & Likelihood'!C6*INDEX('Prior & Likelihood'!$B$25:$D$25,MATCH($B5,'Prior & Likelihood'!$B$23:$D$23,0))*INDEX('Prior & Likelihood'!$B$43:$D$43,MATCH($C5,'Prior & Likelihood'!$B$41:$D$41,0))*INDEX('Prior & Likelihood'!$B$61:$C$61,MATCH($D5,'Prior & Likelihood'!$B$59:$C$59,0))*INDEX('Prior & Likelihood'!$B$79:$D$79,MATCH($E5,'Prior & Likelihood'!$B$77:$D$77,0)) -> 0 | I5: ='Prior & Likelihood'!C7*INDEX('Prior & Likelihood'!$B$26:$D$26,MATCH($B5,'Prior & Likelihood'!$B$23:$D$23,0))*INDEX('Prior & Likelihood'!$B$44:$D$44,MATCH($C5,'Prior & Likelihood'!$B$41:$D$41,0))*INDEX('Prior & Likelihood'!$B$62:$C$62,MATCH($D5,'Prior & Likelihood'!$B$59:$C$59,0))*INDEX('Prior & Likelihood'!$B$80:$D$80,MATCH($E5,'Prior & Likelihood'!$B$77:$D$77,0)) -> 0 | J5: ='Prior & Likelihood'!C8*INDEX('Prior & Likelihood'!$B$27:$D$27,MATCH($B5,'Prior & Likelihood'!$B$23:$D$23,0))*INDEX('Prior & Likelihood'!$B$45:$D$45,MATCH($C5,'Prior & Likelihood'!$B$41:$D$41,0))*INDEX('Prior & Likelihood'!$B$63:$C$63,MATCH($D5,'Prior & Likelihood'!$B$59:$C$59,0))*INDEX('Prior & Likelihood'!$B$81:$D$81,MATCH($E5,'Prior & Likelihood'!$B$77:$D$77,0)) -> 0 | K5: ='Prior & Likelihood'!C9*INDEX('Prior & Likelihood'!$B$28:$D$28,MATCH($B5,'Prior & Likelihood'!$B$23:$D$23,0))*INDEX('Prior & Likelihood'!$B$46:$D$46,MATCH($C5,'Prior & Likelihood'!$B$41:$D$41,0))*INDEX('Prior & Likelihood'!$B$64:$C$64,MATCH($D5,'Prior & Likelihood'!$B$59:$C$59,0))*INDEX('Prior & Likelihood'!$B$82:$D$82,MATCH($E5,'Prior & Likelihood'!$B$77:$D$77,0)) -> 0.0078278552 | L5: =INDEX({"drugA","drugB","drugC","drugX","DrugY"},MATCH(MAX(G5:K5),G5:K5,0)) -> DrugY | M5: =IF(L5=F5,1,0) -> 0
A6: 2 | B6: ='Splitting Data'!B166 -> ADULT | C6: ='Splitting Data'!C166 -> HIGH | D6: ='Splitting Data'!D166 -> NORMAL | E6: ='Splitting Data'!E166 -> NORMAL | F6: ='Splitting Data'!F166 -> drugA | G6: ='Prior & Likelihood'!C5*INDEX('Prior & Likelihood'!$B$24:$D$24,MATCH($B6,'Prior & Likelihood'!$B$23:$D$23,0))*INDEX('Prior & Likelihood'!$B$42:$D$42,MATCH($C6,'Prior & Likelihood'!$B$41:$D$41,0))*INDEX('Prior & Likelihood'!$B$60:$C$60,MATCH($D6,'Prior & Likelihood'!$B$59:$C$59,0))*INDEX('Prior & Likelihood'!$B$78:$D$78,MATCH($E6,'Prior & Likelihood'!$B$77:$D$77,0)) -> 0.021219136 | H6: ='Prior & Likelihood'!C6*INDEX('Prior & Likelihood'!$B$25:$D$25,MATCH($B6,'Prior & Likelihood'!$B$23:$D$23,0))*INDEX('Prior & Likelihood'!$B$43:$D$43,MATCH($C6,'Prior & Likelihood'!$B$41:$D$41,0))*INDEX('Prior & Likelihood'!$B$61:$C$61,MATCH($D6,'Prior & Likelihood'!$B$59:$C$59,0))*INDEX('Prior & Likelihood'!$B$79:$D$79,MATCH($E6,'Prior & Likelihood'!$B$77:$D$77,0)) -> 0 | I6: ='Prior & Likelihood'!C7*INDEX('Prior & Likelihood'!$B$26:$D$26,MATCH($B6,'Prior & Likelihood'!$B$23:$D$23,0))*INDEX('Prior & Likelihood'!$B$44:$D$44,MATCH($C6,'Prior & Likelihood'!$B$41:$D$41,0))*INDEX('Prior & Likelihood'!$B$62:$C$62,MATCH($D6,'Prior & Likelihood'!$B$59:$C$59,0))*INDEX('Prior & Likelihood'!$B$80:$D$80,MATCH($E6,'Prior & Likelihood'!$B$77:$D$77,0)) -> 0 | J6: ='Prior & Likelihood'!C8*INDEX('Prior & Likelihood'!$B$27:$D$27,MATCH($B6,'Prior & Likelihood'!$B$23:$D$23,0))*INDEX('Prior & Likelihood'!$B$45:$D$45,MATCH($C6,'Prior & Likelihood'!$B$41:$D$41,0))*INDEX('Prior & Likelihood'!$B$63:$C$63,MATCH($D6,'Prior & Likelihood'!$B$59:$C$59,0))*INDEX('Prior & Likelihood'!$B$81:$D$81,MATCH($E6,'Prior & Likelihood'!$B$77:$D$77,0)) -> 0 | K6: ='Prior & Likelihood'!C9*INDEX('Prior & Likelihood'!$B$28:$D$28,MATCH($B6,'Prior & Likelihood'!$B$23:$D$23,0))*INDEX('Prior & Likelihood'!$B$46:$D$46,MATCH($C6,'Prior & Likelihood'!$B$41:$D$41,0))*INDEX('Prior & Likelihood'!$B$64:$C$64,MATCH($D6,'Prior & Likelihood'!$B$59:$C$59,0))*INDEX('Prior & Likelihood'!$B$82:$D$82,MATCH($E6,'Prior & Likelihood'!$B$77:$D$77,0)) -> 0.014698458 | L6: =INDEX({"drugA","drugB","drugC","drugX","DrugY"},MATCH(MAX(G6:K6),G6:K6,0)) -> drugA | M6: =IF(L6=F6,1,0) -> 1
A7: 3 | B7: ='Splitting Data'!B167 -> ADULT | C7: ='Splitting Data'!C167 -> HIGH | D7: ='Splitting Data'!D167 -> HIGH | E7: ='Splitting Data'!E167 -> NORMAL | F7: ='Splitting Data'!F167 -> drugA | G7: ='Prior & Likelihood'!C5*INDEX('Prior & Likelihood'!$B$24:$D$24,MATCH($B7,'Prior & Likelihood'!$B$23:$D$23,0))*INDEX('Prior & Likelihood'!$B$42:$D$42,MATCH($C7,'Prior & Likelihood'!$B$41:$D$41,0))*INDEX('Prior & Likelihood'!$B$60:$C$60,MATCH($D7,'Prior & Likelihood'!$B$59:$C$59,0))*INDEX('Prior & Likelihood'!$B$78:$D$78,MATCH($E7,'Prior & Likelihood'!$B$77:$D$77,0)) -> 0.016975309 | H7: ='Prior & Likelihood'!C6*INDEX('Prior & Likelihood'!$B$25:$D$25,MATCH($B7,'Prior & Likelihood'!$B$23:$D$23,0))*INDEX('Prior & Likelihood'!$B$43:$D$43,MATCH($C7,'Prior & Likelihood'!$B$41:$D$41,0))*INDEX('Prior & Likelihood'!$B$61:$C$61,MATCH($D7,'Prior & Likelihood'!$B$59:$C$59,0))*INDEX('Prior & Likelihood'!$B$79:$D$79,MATCH($E7,'Prior & Likelihood'!$B$77:$D$77,0)) -> 0 | I7: ='Prior & Likelihood'!C7*INDEX('Prior & Likelihood'!$B$26:$D$26,MATCH($B7,'Prior & Likelihood'!$B$23:$D$23,0))*INDEX('Prior & Likelihood'!$B$44:$D$44,MATCH($C7,'Prior & Likelihood'!$B$41:$D$41,0))*INDEX('Prior & Likelihood'!$B$62:$C$62,MATCH($D7,'Prior & Likelihood'!$B$59:$C$59,0))*INDEX('Prior & Likelihood'!$B$80:$D$80,MATCH($E7,'Prior & Likelihood'!$B$77:$D$77,0)) -> 0 | J7: ='Prior & Likelihood'!C8*INDEX('Prior & Likelihood'!$B$27:$D$27,MATCH($B7,'Prior & Likelihood'!$B$23:$D$23,0))*INDEX('Prior & Likelihood'!$B$45:$D$45,MATCH($C7,'Prior & Likelihood'!$B$41:$D$41,0))*INDEX('Prior & Likelihood'!$B$63:$C$63,MATCH($D7,'Prior & Likelihood'!$B$59:$C$59,0))*INDEX('Prior & Likelihood'!$B$81:$D$81,MATCH($E7,'Prior & Likelihood'!$B$77:$D$77,0)) -> 0 | K7: ='Prior & Likelihood'!C9*INDEX('Prior & Likelihood'!$B$28:$D$28,MATCH($B7,'Prior & Likelihood'!$B$23:$D$23,0))*INDEX('Prior & Likelihood'!$B$46:$D$46,MATCH($C7,'Prior & Likelihood'!$B$41:$D$41,0))*INDEX('Prior & Likelihood'!$B$64:$C$64,MATCH($D7,'Prior & Likelihood'!$B$59:$C$59,0))*INDEX('Prior & Likelihood'!$B$82:$D$82,MATCH($E7,'Prior & Likelihood'!$B$77:$D$77,0)) -> 0.016859996 | L7: =INDEX({"drugA","drugB","drugC","drugX","DrugY"},MATCH(MAX(G7:K7),G7:K7,0)) -> drugA | M7: =IF(L7=F7,1,0) -> 1
A8: 4 | B8: ='Splitting Data'!B168 -> ADULT | C8: ='Splitting Data'!C168 -> HIGH | D8: ='Splitting Data'!D168 -> HIGH | E8: ='Splitting Data'!E168 -> NORMAL | F8: ='Splitting Data'!F168 -> drugA | G8: ='Prior & Likelihood'!C5*INDEX('Prior & Likelihood'!$B$24:$D$24,MATCH($B8,'Prior & Likelihood'!$B$23:$D$23,0))*INDEX('Prior & Likelihood'!$B$42:$D$42,MATCH($C8,'Prior & Likelihood'!$B$41:$D$41,0))*INDEX('Prior & Likelihood'!$B$60:$C$60,MATCH($D8,'Prior & Likelihood'!$B$59:$C$59,0))*INDEX('Prior & Likelihood'!$B$78:$D$78,MATCH($E8,'Prior & Likelihood'!$B$77:$D$77,0)) -> 0.016975309 | H8: ='Prior & Likelihood'!C6*INDEX('Prior & Likelihood'!$B$25:$D$25,MATCH($B8,'Prior & Likelihood'!$B$23:$D$23,0))*INDEX('Prior & Likelihood'!$B$43:$D$43,MATCH($C8,'Prior & Likelihood'!$B$41:$D$41,0))*INDEX('Prior & Likelihood'!$B$61:$C$61,MATCH($D8,'Prior & Likelihood'!$B$59:$C$59,0))*INDEX('Prior & Likelihood'!$B$79:$D$79,MATCH($E8,'Prior & Likelihood'!$B$77:$D$77,0)) -> 0 | I8: ='Prior & Likelihood'!C7*INDEX('Prior & Likelihood'!$B$26:$D$26,MATCH($B8,'Prior & Likelihood'!$B$23:$D$23,0))*INDEX('Prior & Likelihood'!$B$44:$D$44,MATCH($C8,'Prior & Likelihood'!$B$41:$D$41,0))*INDEX('Prior & Likelihood'!$B$62:$C$62,MATCH($D8,'Prior & Likelihood'!$B$59:$C$59,0))*INDEX('Prior & Likelihood'!$B$80:$D$80,MATCH($E8,'Prior & Likelihood'!$B$77:$D$77,0)) -> 0 | J8: ='Prior & Likelihood'!C8*INDEX('Prior & Likelihood'!$B$27:$D$27,MATCH($B8,'Prior & Likelihood'!$B$23:$D$23,0))*INDEX('Prior & Likelihood'!$B$45:$D$45,MATCH($C8,'Prior & Likelihood'!$B$41:$D$41,0))*INDEX('Prior & Likelihood'!$B$63:$C$63,MATCH($D8,'Prior & Likelihood'!$B$59:$C$59,0))*INDEX('Prior & Likelihood'!$B$81:$D$81,MATCH($E8,'Prior & Likelihood'!$B$77:$D$77,0)) -> 0 | K8: ='Prior & Likelihood'!C9*INDEX('Prior & Likelihood'!$B$28:$D$28,MATCH($B8,'Prior & Likelihood'!$B$23:$D$23,0))*INDEX('Prior & Likelihood'!$B$46:$D$46,MATCH($C8,'Prior & Likelihood'!$B$41:$D$41,0))*INDEX('Prior & Likelihood'!$B$64:$C$64,MATCH($D8,'Prior & Likelihood'!$B$59:$C$59,0))*INDEX('Prior & Likelihood'!$B$82:$D$82,MATCH($E8,'Prior & Likelihood'!$B$77:$D$77,0)) -> 0.016859996 | L8: =INDEX({"drugA","drugB","drugC","drugX","DrugY"},MATCH(MAX(G8:K8),G8:K8,0)) -> drugA | M8: =IF(L8=F8,1,0) -> 1
A9: 5 | B9: ='Splitting Data'!B169 -> OLD | C9: ='Splitting Data'!C169 -> HIGH | D9: ='Splitting Data'!D169 -> HIGH | E9: ='Splitting Data'!E169 -> NORMAL | F9: ='Splitting Data'!F169 -> drugA | G9: ='Prior & Likelihood'!C5*INDEX('Prior & Likelihood'!$B$24:$D$24,MATCH($B9,'Prior & Likelihood'!$B$23:$D$23,0))*INDEX('Prior & Likelihood'!$B$42:$D$42,MATCH($C9,'Prior & Likelihood'!$B$41:$D$41,0))*INDEX('Prior & Likelihood'!$B$60:$C$60,MATCH($D9,'Prior & Likelihood'!$B$59:$C$59,0))*INDEX('Prior & Likelihood'!$B$78:$D$78,MATCH($E9,'Prior & Likelihood'!$B$77:$D$77,0)) -> 0.0084876543 | H9: ='Prior & Likelihood'!C6*INDEX('Prior & Likelihood'!$B$25:$D$25,MATCH($B9,'Prior & Likelihood'!$B$23:$D$23,0))*INDEX('Prior & Likelihood'!$B$43:$D$43,MATCH($C9,'Prior & Likelihood'!$B$41:$D$41,0))*INDEX('Prior & Likelihood'!$B$61:$C$61,MATCH($D9,'Prior & Likelihood'!$B$59:$C$59,0))*INDEX('Prior & Likelihood'!$B$79:$D$79,MATCH($E9,'Prior & Likelihood'!$B$77:$D$77,0)) -> 0.025961538 | I9: ='Prior & Likelihood'!C7*INDEX('Prior & Likelihood'!$B$26:$D$26,MATCH($B9,'Prior & Likelihood'!$B$23:$D$23,0))*INDEX('Prior & Likelihood'!$B$44:$D$44,MATCH($C9,'Prior & Likelihood'!$B$41:$D$41,0))*INDEX('Prior & Likelihood'!$B$62:$C$62,MATCH($D9,'Prior & Likelihood'!$B$59:$C$59,0))*INDEX('Prior & Likelihood'!$B$80:$D$80,MATCH($E9,'Prior & Likelihood'!$B$77:$D$77,0)) -> 0 | J9: ='Prior & Likelihood'!C8*INDEX('Prior & Likelihood'!$B$27:$D$27,MATCH($B9,'Prior & Likelihood'!$B$23:$D$23,0))*INDEX('Prior & Likelihood'!$B$45:$D$45,MATCH($C9,'Prior & Likelihood'!$B$41:$D$41,0))*INDEX('Prior & Likelihood'!$B$63:$C$63,MATCH($D9,'Prior & Likelihood'!$B$59:$C$59,0))*INDEX('Prior & Likelihood'!$B$81:$D$81,MATCH($E9,'Prior & Likelihood'!$B$77:$D$77,0)) -> 0 | K9: ='Prior & Likelihood'!C9*INDEX('Prior & Likelihood'!$B$28:$D$28,MATCH($B9,'Prior & Likelihood'!$B$23:$D$23,0))*INDEX('Prior & Likelihood'!$B$46:$D$46,MATCH($C9,'Prior & Likelihood'!$B$41:$D$41,0))*INDEX('Prior & Likelihood'!$B$64:$C$64,MATCH($D9,'Prior & Likelihood'!$B$59:$C$59,0))*INDEX('Prior & Likelihood'!$B$82:$D$82,MATCH($E9,'Prior & Likelihood'!$B$77:$D$77,0)) -> 0.019268567 | L9: =INDEX({"drugA","drugB","drugC","drugX","DrugY"},MATCH(MAX(G9:K9),G9:K9,0)) -> drugB | M9: =IF(L9=F9,1,0) -> 0
A10: 6 | B10: ='Splitting Data'!B170 -> OLD | C10: ='Splitting Data'!C170 -> HIGH | D10: ='Splitting Data'!D170 -> NORMAL | E10: ='Splitting Data'!E170 -> LOW | F10: ='Splitting Data'!F170 -> drugB | G10: ='Prior & Likelihood'!C5*INDEX('Prior & Likelihood'!$B$24:$D$24,MATCH($B10,'Prior & Likelihood'!$B$23:$D$23,0))*INDEX('Prior & Likelihood'!$B$42:$D$42,MATCH($C10,'Prior & Likelihood'!$B$41:$D$41,0))*INDEX('Prior & Likelihood'!$B$60:$C$60,MATCH($D10,'Prior & Likelihood'!$B$59:$C$59,0))*INDEX('Prior & Likelihood'!$B$78:$D$78,MATCH($E10,'Prior & Likelihood'!$B$77:$D$77,0)) -> 0.0048225309 | H10: ='Prior & Likelihood'!C6*INDEX('Prior & Likelihood'!$B$25:$D$25,MATCH($B10,'Prior & Likelihood'!$B$23:$D$23,0))*INDEX('Prior & Likelihood'!$B$43:$D$43,MATCH($C10,'Prior & Likelihood'!$B$41:$D$41,0))*INDEX('Prior & Likelihood'!$B$61:$C$61,MATCH($D10,'Prior & Likelihood'!$B$59:$C$59,0))*INDEX('Prior & Likelihood'!$B$79:$D$79,MATCH($E10,'Prior & Likelihood'!$B$77:$D$77,0)) -> 0.010096154 | I10: ='Prior & Likelihood'!C7*INDEX('Prior & Likelihood'!$B$26:$D$26,MATCH($B10,'Prior & Likelihood'!$B$23:$D$23,0))*INDEX('Prior & Likelihood'!$B$44:$D$44,MATCH($C10,'Prior & Likelihood'!$B$41:$D$41,0))*INDEX('Prior & Likelihood'!$B$62:$C$62,MATCH($D10,'Prior & Likelihood'!$B$59:$C$59,0))*INDEX('Prior & Likelihood'!$B$80:$D$80,MATCH($E10,'Prior & Likelihood'!$B$77:$D$77,0)) -> 0 | J10: ='Prior & Likelihood'!C8*INDEX('Prior & Likelihood'!$B$27:$D$27,MATCH($B10,'Prior & Likelihood'!$B$23:$D$23,0))*INDEX('Prior & Likelihood'!$B$45:$D$45,MATCH($C10,'Prior & Likelihood'!$B$41:$D$41,0))*INDEX('Prior & Likelihood'!$B$63:$C$63,MATCH($D10,'Prior & Likelihood'!$B$59:$C$59,0))*INDEX('Prior & Likelihood'!$B$81:$D$81,MATCH($E10,'Prior & Likelihood'!$B$77:$D$77,0)) -> 0 | K10: ='Prior & Likelihood'!C9*INDEX('Prior & Likelihood'!$B$28:$D$28,MATCH($B10,'Prior & Likelihood'!$B$23:$D$23,0))*INDEX('Prior & Likelihood'!$B$46:$D$46,MATCH($C10,'Prior & Likelihood'!$B$41:$D$41,0))*INDEX('Prior & Likelihood'!$B$64:$C$64,MATCH($D10,'Prior & Likelihood'!$B$59:$C$59,0))*INDEX('Prior & Likelihood'!$B$82:$D$82,MATCH($E10,'Prior & Likelihood'!$B$77:$D$77,0)) -> 0 | L10: =INDEX({"drugA","drugB","drugC","drugX","DrugY"},MATCH(MAX(G10:K10),G10:K10,0)) -> drugB | M10: =IF(L10=F10,1,0) -> 1
A11: 7 | B11: ='Splitting Data'!B171 -> OLD | C11: ='Splitting Data'!C171 -> HIGH | D11: ='Splitting Data'!D171 -> HIGH | E11: ='Splitting Data'!E171 -> NORMAL | F11: ='Splitting Data'!F171 -> drugB | G11: ='Prior & Likelihood'!C5*INDEX('Prior & Likelihood'!$B$24:$D$24,MATCH($B11,'Prior & Likelihood'!$B$23:$D$23,0))*INDEX('Prior & Likelihood'!$B$42:$D$42,MATCH($C11,'Prior & Likelihood'!$B$41:$D$41,0))*INDEX('Prior & Likelihood'!$B$60:$C$60,MATCH($D11,'Prior & Likelihood'!$B$59:$C$59,0))*INDEX('Prior & Likelihood'!$B$78:$D$78,MATCH($E11,'Prior & Likelihood'!$B$77:$D$77,0)) -> 0.0084876543 | H11: ='Prior & Likelihood'!C6*INDEX('Prior & Likelihood'!$B$25:$D$25,MATCH($B11,'Prior & Likelihood'!$B$23:$D$23,0))*INDEX('Prior & Likelihood'!$B$43:$D$43,MATCH($C11,'Prior & Likelihood'!$B$41:$D$41,0))*INDEX('Prior & Likelihood'!$B$61:$C$61,MATCH($D11,'Prior & Likelihood'!$B$59:$C$59,0))*INDEX('Prior & Likelihood'!$B$79:$D$79,MATCH($E11,'Prior & Likelihood'!$B$77:$D$77,0)) -> 0.025961538 | I11: ='Prior & Likelihood'!C7*INDEX('Prior & Likelihood'!$B$26:$D$26,MATCH($B11,'Prior & Likelihood'!$B$23:$D$23,0))*INDEX('Prior & Likelihood'!$B$44:$D$44,MATCH($C11,'Prior & Likelihood'!$B$41:$D$41,0))*INDEX('Prior & Likelihood'!$B$62:$C$62,MATCH($D11,'Prior & Likelihood'!$B$59:$C$59,0))*INDEX('Prior & Likelihood'!$B$80:$D$80,MATCH($E11,'Prior & Likelihood'!$B$77:$D$77,0)) -> 0 | J11: ='Prior & Likelihood'!C8*INDEX('Prior & Likelihood'!$B$27:$D$27,MATCH($B11,'Prior & Likelihood'!$B$23:$D$23,0))*INDEX('Prior & Likelihood'!$B$45:$D$45,MATCH($C11,'Prior & Likelihood'!$B$41:$D$41,0))*INDEX('Prior & Likelihood'!$B$63:$C$63,MATCH($D11,'Prior & Likelihood'!$B$59:$C$59,0))*INDEX('Prior & Likelihood'!$B$81:$D$81,MATCH($E11,'Prior & Likelihood'!$B$77:$D$77,0)) -> 0 | K11: ='Prior & Likelihood'!C9*INDEX('Prior & Likelihood'!$B$28:$D$28,MATCH($B11,'Prior & Likelihood'!$B$23:$D$23,0))*INDEX('Prior & Likelihood'!$B$46:$D$46,MATCH($C11,'Prior & Likelihood'!$B$41:$D$41,0))*INDEX('Prior & Likelihood'!$B$64:$C$64,MATCH($D11,'Prior & Likelihood'!$B$59:$C$59,0))*INDEX('Prior & Likelihood'!$B$82:$D$82,MATCH($E11,'Prior & Likelihood'!$B$77:$D$77,0)) -> 0.019268567 | L11: =INDEX({"drugA","drugB","drugC","drugX","DrugY"},MATCH(MAX(G11:K11),G11:K11,0)) -> drugB | M11: =IF(L11=F11,1,0) -> 1
A12: 8 | B12: ='Splitting Data'!B172 -> OLD | C12: ='Splitting Data'!C172 -> HIGH | D12: ='Splitting Data'!D172 -> HIGH | E12: ='Splitting Data'!E172 -> LOW | F12: ='Splitting Data'!F172 -> drugB | G12: ='Prior & Likelihood'!C5*INDEX('Prior & Likelihood'!$B$24:$D$24,MATCH($B12,'Prior & Likelihood'!$B$23:$D$23,0))*INDEX('Prior & Likelihood'!$B$42:$D$42,MATCH($C12,'Prior & Likelihood'!$B$41:$D$41,0))*INDEX('Prior & Likelihood'!$B$60:$C$60,MATCH($D12,'Prior & Likelihood'!$B$59:$C$59,0))*INDEX('Prior & Likelihood'!$B$78:$D$78,MATCH($E12,'Prior & Likelihood'!$B$77:$D$77,0)) -> 0.0038580247 | H12: ='Prior & Likelihood'!C6*INDEX('Prior & Likelihood'!$B$25:$D$25,MATCH($B12,'Prior & Likelihood'!$B$23:$D$23,0))*INDEX('Prior & Likelihood'!$B$43:$D$43,MATCH($C12,'Prior & Likelihood'!$B$41:$D$41,0))*INDEX('Prior & Likelihood'!$B$61:$C$61,MATCH($D12,'Prior & Likelihood'!$B$59:$C$59,0))*INDEX('Prior & Likelihood'!$B$79:$D$79,MATCH($E12,'Prior & Likelihood'!$B$77:$D$77,0)) -> 0.0086538462 | I12: ='Prior & Likelihood'!C7*INDEX('Prior & Likelihood'!$B$26:$D$26,MATCH($B12,'Prior & Likelihood'!$B$23:$D$23,0))*INDEX('Prior & Likelihood'!$B$44:$D$44,MATCH($C12,'Prior & Likelihood'!$B$41:$D$41,0))*INDEX('Prior & Likelihood'!$B$62:$C$62,MATCH($D12,'Prior & Likelihood'!$B$59:$C$59,0))*INDEX('Prior & Likelihood'!$B$80:$D$80,MATCH($E12,'Prior & Likelihood'!$B$77:$D$77,0)) -> 0 | J12: ='Prior & Likelihood'!C8*INDEX('Prior & Likelihood'!$B$27:$D$27,MATCH($B12,'Prior & Likelihood'!$B$23:$D$23,0))*INDEX('Prior & Likelihood'!$B$45:$D$45,MATCH($C12,'Prior & Likelihood'!$B$41:$D$41,0))*INDEX('Prior & Likelihood'!$B$63:$C$63,MATCH($D12,'Prior & Likelihood'!$B$59:$C$59,0))*INDEX('Prior & Likelihood'!$B$81:$D$81,MATCH($E12,'Prior & Likelihood'!$B$77:$D$77,0)) -> 0 | K12: ='Prior & Likelihood'!C9*INDEX('Prior & Likelihood'!$B$28:$D$28,MATCH($B12,'Prior & Likelihood'!$B$23:$D$23,0))*INDEX('Prior & Likelihood'!$B$46:$D$46,MATCH($C12,'Prior & Likelihood'!$B$41:$D$41,0))*INDEX('Prior & Likelihood'!$B$64:$C$64,MATCH($D12,'Prior & Likelihood'!$B$59:$C$59,0))*INDEX('Prior & Likelihood'!$B$82:$D$82,MATCH($E12,'Prior & Likelihood'!$B$77:$D$77,0)) -> 0 | L12: =INDEX({"drugA","drugB","drugC","drugX","DrugY"},MATCH(MAX(G12:K12),G12:K12,0)) -> drugB | M12: =IF(L12=F12,1,0) -> 1
A13: 9 | B13: ='Splitting Data'!B173 -> YOUNG | C13: ='Splitting Data'!C173 -> LOW | D13: ='Splitting Data'!D173 -> HIGH | E13: ='Splitting Data'!E173 -> NORMAL | F13: ='Splitting Data'!F173 -> drugC | G13: ='Prior & Likelihood'!C5*INDEX('Prior & Likelihood'!$B$24:$D$24,MATCH($B13,'Prior & Likelihood'!$B$23:$D$23,0))*INDEX('Prior & Likelihood'!$B$42:$D$42,MATCH($C13,'Prior & Likelihood'!$B$41:$D$41,0))*INDEX('Prior & Likelihood'!$B$60:$C$60,MATCH($D13,'Prior & Likelihood'!$B$59:$C$59,0))*INDEX('Prior & Likelihood'!$B$78:$D$78,MATCH($E13,'Prior & Likelihood'!$B$77:$D$77,0)) -> 0 | H13: ='Prior & Likelihood'!C6*INDEX('Prior & Likelihood'!$B$25:$D$25,MATCH($B13,'Prior & Likelihood'!$B$23:$D$23,0))*INDEX('Prior & Likelihood'!$B$43:$D$43,MATCH($C13,'Prior & Likelihood'!$B$41:$D$41,0))*INDEX('Prior & Likelihood'!$B$61:$C$61,MATCH($D13,'Prior & Likelihood'!$B$59:$C$59,0))*INDEX('Prior & Likelihood'!$B$79:$D$79,MATCH($E13,'Prior & Likelihood'!$B$77:$D$77,0)) -> 0 | I13: ='Prior & Likelihood'!C7*INDEX('Prior & Likelihood'!$B$26:$D$26,MATCH($B13,'Prior & Likelihood'!$B$23:$D$23,0))*INDEX('Prior & Likelihood'!$B$44:$D$44,MATCH($C13,'Prior & Likelihood'!$B$41:$D$41,0))*INDEX('Prior & Likelihood'!$B$62:$C$62,MATCH($D13,'Prior & Likelihood'!$B$59:$C$59,0))*INDEX('Prior & Likelihood'!$B$80:$D$80,MATCH($E13,'Prior & Likelihood'!$B$77:$D$77,0)) -> 0.0043269231 | J13: ='Prior & Likelihood'!C8*INDEX('Prior & Likelihood'!$B$27:$D$27,MATCH($B13,'Prior & Likelihood'!$B$23:$D$23,0))*INDEX('Prior & Likelihood'!$B$45:$D$45,MATCH($C13,'Prior & Likelihood'!$B$41:$D$41,0))*INDEX('Prior & Likelihood'!$B$63:$C$63,MATCH($D13,'Prior & Likelihood'!$B$59:$C$59,0))*INDEX('Prior & Likelihood'!$B$81:$D$81,MATCH($E13,'Prior & Likelihood'!$B$77:$D$77,0)) -> 0.0038727722 | K13: ='Prior & Likelihood'!C9*INDEX('Prior & Likelihood'!$B$28:$D$28,MATCH($B13,'Prior & Likelihood'!$B$23:$D$23,0))*INDEX('Prior & Likelihood'!$B$46:$D$46,MATCH($C13,'Prior & Likelihood'!$B$41:$D$41,0))*INDEX('Prior & Likelihood'!$B$64:$C$64,MATCH($D13,'Prior & Likelihood'!$B$59:$C$59,0))*INDEX('Prior & Likelihood'!$B$82:$D$82,MATCH($E13,'Prior & Likelihood'!$B$77:$D$77,0)) -> 0.0053027406 | L13: =INDEX({"drugA","drugB","drugC","drugX","DrugY"},MATCH(MAX(G13:K13),G13:K13,0)) -> DrugY | M13: =IF(L13=F13,1,0) -> 0
A14: 10 | B14: ='Splitting Data'!B174 -> YOUNG | C14: ='Splitting Data'!C174 -> LOW | D14: ='Splitting Data'!D174 -> HIGH | E14: ='Splitting Data'!E174 -> LOW | F14: ='Splitting Data'!F174 -> drugC | G14: ='Prior & Likelihood'!C5*INDEX('Prior & Likelihood'!$B$24:$D$24,MATCH($B14,'Prior & Likelihood'!$B$23:$D$23,0))*INDEX('Prior & Likelihood'!$B$42:$D$42,MATCH($C14,'Prior & Likelihood'!$B$41:$D$41,0))*INDEX('Prior & Likelihood'!$B$60:$C$60,MATCH($D14,'Prior & Likelihood'!$B$59:$C$59,0))*INDEX('Prior & Likelihood'!$B$78:$D$78,MATCH($E14,'Prior & Likelihood'!$B$77:$D$77,0)) -> 0 | H14: ='Prior & Likelihood'!C6*INDEX('Prior & Likelihood'!$B$25:$D$25,MATCH($B14,'Prior & Likelihood'!$B$23:$D$23,0))*INDEX('Prior & Likelihood'!$B$43:$D$43,MATCH($C14,'Prior & Likelihood'!$B$41:$D$41,0))*INDEX('Prior & Likelihood'!$B$61:$C$61,MATCH($D14,'Prior & Likelihood'!$B$59:$C$59,0))*INDEX('Prior & Likelihood'!$B$79:$D$79,MATCH($E14,'Prior & Likelihood'!$B$77:$D$77,0)) -> 0 | I14: ='Prior & Likelihood'!C7*INDEX('Prior & Likelihood'!$B$26:$D$26,MATCH($B14,'Prior & Likelihood'!$B$23:$D$23,0))*INDEX('Prior & Likelihood'!$B$44:$D$44,MATCH($C14,'Prior & Likelihood'!$B$41:$D$41,0))*INDEX('Prior & Likelihood'!$B$62:$C$62,MATCH($D14,'Prior & Likelihood'!$B$59:$C$59,0))*INDEX('Prior & Likelihood'!$B$80:$D$80,MATCH($E14,'Prior & Likelihood'!$B$77:$D$77,0)) -> 0.0014423077 | J14: ='Prior & Likelihood'!C8*INDEX('Prior & Likelihood'!$B$27:$D$27,MATCH($B14,'Prior & Likelihood'!$B$23:$D$23,0))*INDEX('Prior & Likelihood'!$B$45:$D$45,MATCH($C14,'Prior & Likelihood'!$B$41:$D$41,0))*INDEX('Prior & Likelihood'!$B$63:$C$63,MATCH($D14,'Prior & Likelihood'!$B$59:$C$59,0))*INDEX('Prior & Likelihood'!$B$81:$D$81,MATCH($E14,'Prior & Likelihood'!$B$77:$D$77,0)) -> 0.002525721 | K14: ='Prior & Likelihood'!C9*INDEX('Prior & Likelihood'!$B$28:$D$28,MATCH($B14,'Prior & Likelihood'!$B$23:$D$23,0))*INDEX('Prior & Likelihood'!$B$46:$D$46,MATCH($C14,'Prior & Likelihood'!$B$41:$D$41,0))*INDEX('Prior & Likelihood'!$B$64:$C$64,MATCH($D14,'Prior & Likelihood'!$B$59:$C$59,0))*INDEX('Prior & Likelihood'!$B$82:$D$82,MATCH($E14,'Prior & Likelihood'!$B$77:$D$77,0)) -> 0 | L14: =INDEX({"drugA","drugB","drugC","drugX","DrugY"},MATCH(MAX(G14:K14),G14:K14,0)) -> drugX | M14: =IF(L14=F14,1,0) -> 0
A15: 11 | B15: ='Splitting Data'!B175 -> ADULT | C15: ='Splitting Data'!C175 -> LOW | D15: ='Splitting Data'!D175 -> HIGH | E15: ='Splitting Data'!E175 -> NORMAL | F15: ='Splitting Data'!F175 -> drugC | G15: ='Prior & Likelihood'!C5*INDEX('Prior & Likelihood'!$B$24:$D$24,MATCH($B15,'Prior & Likelihood'!$B$23:$D$23,0))*INDEX('Prior & Likelihood'!$B$42:$D$42,MATCH($C15,'Prior & Likelihood'!$B$41:$D$41,0))*INDEX('Prior & Likelihood'!$B$60:$C$60,MATCH($D15,'Prior & Likelihood'!$B$59:$C$59,0))*INDEX('Prior & Likelihood'!$B$78:$D$78,MATCH($E15,'Prior & Likelihood'!$B$77:$D$77,0)) -> 0 | H15: ='Prior & Likelihood'!C6*INDEX('Prior & Likelihood'!$B$25:$D$25,MATCH($B15,'Prior & Likelihood'!$B$23:$D$23,0))*INDEX('Prior & Likelihood'!$B$43:$D$43,MATCH($C15,'Prior & Likelihood'!$B$41:$D$41,0))*INDEX('Prior & Likelihood'!$B$61:$C$61,MATCH($D15,'Prior & Likelihood'!$B$59:$C$59,0))*INDEX('Prior & Likelihood'!$B$79:$D$79,MATCH($E15,'Prior & Likelihood'!$B$77:$D$77,0)) -> 0 | I15: ='Prior & Likelihood'!C7*INDEX('Prior & Likelihood'!$B$26:$D$26,MATCH($B15,'Prior & Likelihood'!$B$23:$D$23,0))*INDEX('Prior & Likelihood'!$B$44:$D$44,MATCH($C15,'Prior & Likelihood'!$B$41:$D$41,0))*INDEX('Prior & Likelihood'!$B$62:$C$62,MATCH($D15,'Prior & Likelihood'!$B$59:$C$59,0))*INDEX('Prior & Likelihood'!$B$80:$D$80,MATCH($E15,'Prior & Likelihood'!$B$77:$D$77,0)) -> 0.012980769 | J15: ='Prior & Likelihood'!C8*INDEX('Prior & Likelihood'!$B$27:$D$27,MATCH($B15,'Prior & Likelihood'!$B$23:$D$23,0))*INDEX('Prior & Likelihood'!$B$45:$D$45,MATCH($C15,'Prior & Likelihood'!$B$41:$D$41,0))*INDEX('Prior & Likelihood'!$B$63:$C$63,MATCH($D15,'Prior & Likelihood'!$B$59:$C$59,0))*INDEX('Prior & Likelihood'!$B$81:$D$81,MATCH($E15,'Prior & Likelihood'!$B$77:$D$77,0)) -> 0.0051636963 | K15: ='Prior & Likelihood'!C9*INDEX('Prior & Likelihood'!$B$28:$D$28,MATCH($B15,'Prior & Likelihood'!$B$23:$D$23,0))*INDEX('Prior & Likelihood'!$B$46:$D$46,MATCH($C15,'Prior & Likelihood'!$B$41:$D$41,0))*INDEX('Prior & Likelihood'!$B$64:$C$64,MATCH($D15,'Prior & Likelihood'!$B$59:$C$59,0))*INDEX('Prior & Likelihood'!$B$82:$D$82,MATCH($E15,'Prior & Likelihood'!$B$77:$D$77,0)) -> 0.011421288 | L15: =INDEX({"drugA","drugB","drugC","drugX","DrugY"},MATCH(MAX(G15:K15),G15:K15,0)) -> drugC | M15: =IF(L15=F15,1,0) -> 1
A16: 12 | B16: ='Splitting Data'!B176 -> YOUNG | C16: ='Splitting Data'!C176 -> NORMAL | D16: ='Splitting Data'!D176 -> HIGH | E16: ='Splitting Data'!E176 -> NORMAL | F16: ='Splitting Data'!F176 -> drugX | G16: ='Prior & Likelihood'!C5*INDEX('Prior & Likelihood'!$B$24:$D$24,MATCH($B16,'Prior & Likelihood'!$B$23:$D$23,0))*INDEX('Prior & Likelihood'!$B$42:$D$42,MATCH($C16,'Prior & Likelihood'!$B$41:$D$41,0))*INDEX('Prior & Likelihood'!$B$60:$C$60,MATCH($D16,'Prior & Likelihood'!$B$59:$C$59,0))*INDEX('Prior & Likelihood'!$B$78:$D$78,MATCH($E16,'Prior & Likelihood'!$B$77:$D$77,0)) -> 0 | H16: ='Prior & Likelihood'!C6*INDEX('Prior & Likelihood'!$B$25:$D$25,MATCH($B16,'Prior & Likelihood'!$B$23:$D$23,0))*INDEX('Prior & Likelihood'!$B$43:$D$43,MATCH($C16,'Prior & Likelihood'!$B$41:$D$41,0))*INDEX('Prior & Likelihood'!$B$61:$C$61,MATCH($D16,'Prior & Likelihood'!$B$59:$C$59,0))*INDEX('Prior & Likelihood'!$B$79:$D$79,MATCH($E16,'Prior & Likelihood'!$B$77:$D$77,0)) -> 0 | I16: ='Prior & Likelihood'!C7*INDEX('Prior & Likelihood'!$B$26:$D$26,MATCH($B16,'Prior & Likelihood'!$B$23:$D$23,0))*INDEX('Prior & Likelihood'!$B$44:$D$44,MATCH($C16,'Prior & Likelihood'!$B$41:$D$41,0))*INDEX('Prior & Likelihood'!$B$62:$C$62,MATCH($D16,'Prior & Likelihood'!$B$59:$C$59,0))*INDEX('Prior & Likelihood'!$B$80:$D$80,MATCH($E16,'Prior & Likelihood'!$B$77:$D$77,0)) -> 0 | J16: ='Prior & Likelihood'!C8*INDEX('Prior & Likelihood'!$B$27:$D$27,MATCH($B16,'Prior & Likelihood'!$B$23:$D$23,0))*INDEX('Prior & Likelihood'!$B$45:$D$45,MATCH($C16,'Prior & Likelihood'!$B$41:$D$41,0))*INDEX('Prior & Likelihood'!$B$63:$C$63,MATCH($D16,'Prior & Likelihood'!$B$59:$C$59,0))*INDEX('Prior & Likelihood'!$B$81:$D$81,MATCH($E16,'Prior & Likelihood'!$B$77:$D$77,0)) -> 0.008022171 | K16: ='Prior & Likelihood'!C9*INDEX('Prior & Likelihood'!$B$28:$D$28,MATCH($B16,'Prior & Likelihood'!$B$23:$D$23,0))*INDEX('Prior & Likelihood'!$B$46:$D$46,MATCH($C16,'Prior & Likelihood'!$B$41:$D$41,0))*INDEX('Prior & Likelihood'!$B$64:$C$64,MATCH($D16,'Prior & Likelihood'!$B$59:$C$59,0))*INDEX('Prior & Likelihood'!$B$82:$D$82,MATCH($E16,'Prior & Likelihood'!$B$77:$D$77,0)) -> 0.0053027406 | L16: =INDEX({"drugA","drugB","drugC","drugX","DrugY"},MATCH(MAX(G16:K16),G16:K16,0)) -> drugX | M16: =IF(L16=F16,1,0) -> 1
A17: 13 | B17: ='Splitting Data'!B177 -> ADULT | C17: ='Splitting Data'!C177 -> NORMAL | D17: ='Splitting Data'!D177 -> HIGH | E17: ='Splitting Data'!E177 -> NORMAL | F17: ='Splitting Data'!F177 -> drugX | G17: ='Prior & Likelihood'!C5*INDEX('Prior & Likelihood'!$B$24:$D$24,MATCH($B17,'Prior & Likelihood'!$B$23:$D$23,0))*INDEX('Prior & Likelihood'!$B$42:$D$42,MATCH($C17,'Prior & Likelihood'!$B$41:$D$41,0))*INDEX('Prior & Likelihood'!$B$60:$C$60,MATCH($D17,'Prior & Likelihood'!$B$59:$C$59,0))*INDEX('Prior & Likelihood'!$B$78:$D$78,MATCH($E17,'Prior & Likelihood'!$B$77:$D$77,0)) -> 0 | H17: ='Prior & Likelihood'!C6*INDEX('Prior & Likelihood'!$B$25:$D$25,MATCH($B17,'Prior & Likelihood'!$B$23:$D$23,0))*INDEX('Prior & Likelihood'!$B$43:$D$43,MATCH($C17,'Prior & Likelihood'!$B$41:$D$41,0))*INDEX('Prior & Likelihood'!$B$61:$C$61,MATCH($D17,'Prior & Likelihood'!$B$59:$C$59,0))*INDEX('Prior & Likelihood'!$B$79:$D$79,MATCH($E17,'Prior & Likelihood'!$B$77:$D$77,0)) -> 0 | I17: ='Prior & Likelihood'!C7*INDEX('Prior & Likelihood'!$B$26:$D$26,MATCH($B17,'Prior & Likelihood'!$B$23:$D$23,0))*INDEX('Prior & Likelihood'!$B$44:$D$44,MATCH($C17,'Prior & Likelihood'!$B$41:$D$41,0))*INDEX('Prior & Likelihood'!$B$62:$C$62,MATCH($D17,'Prior & Likelihood'!$B$59:$C$59,0))*INDEX('Prior & Likelihood'!$B$80:$D$80,MATCH($E17,'Prior & Likelihood'!$B$77:$D$77,0)) -> 0 | J17: ='Prior & Likelihood'!C8*INDEX('Prior & Likelihood'!$B$27:$D$27,MATCH($B17,'Prior & Likelihood'!$B$23:$D$23,0))*INDEX('Prior & Likelihood'!$B$45:$D$45,MATCH($C17,'Prior & Likelihood'!$B$41:$D$41,0))*INDEX('Prior & Likelihood'!$B$63:$C$63,MATCH($D17,'Prior & Likelihood'!$B$59:$C$59,0))*INDEX('Prior & Likelihood'!$B$81:$D$81,MATCH($E17,'Prior & Likelihood'!$B$77:$D$77,0)) -> 0.010696228 | K17: ='Prior & Likelihood'!C9*INDEX('Prior & Likelihood'!$B$28:$D$28,MATCH($B17,'Prior & Likelihood'!$B$23:$D$23,0))*INDEX('Prior & Likelihood'!$B$46:$D$46,MATCH($C17,'Prior & Likelihood'!$B$41:$D$41,0))*INDEX('Prior & Likelihood'!$B$64:$C$64,MATCH($D17,'Prior & Likelihood'!$B$59:$C$59,0))*INDEX('Prior & Likelihood'!$B$82:$D$82,MATCH($E17,'Prior & Likelihood'!$B$77:$D$77,0)) -> 0.011421288 | L17: =INDEX({"drugA","drugB","drugC","drugX","DrugY"},MATCH(MAX(G17:K17),G17:K17,0)) -> DrugY | M17: =IF(L17=F17,1,0) -> 0
A18: 14 | B18: ='Splitting Data'!B178 -> ADULT | C18: ='Splitting Data'!C178 -> LOW | D18: ='Splitting Data'!D178 -> NORMAL | E18: ='Splitting Data'!E178 -> HIGH | F18: ='Splitting Data'!F178 -> drugX | G18: ='Prior & Likelihood'!C5*INDEX('Prior & Likelihood'!$B$24:$D$24,MATCH($B18,'Prior & Likelihood'!$B$23:$D$23,0))*INDEX('Prior & Likelihood'!$B$42:$D$42,MATCH($C18,'Prior & Likelihood'!$B$41:$D$41,0))*INDEX('Prior & Likelihood'!$B$60:$C$60,MATCH($D18,'Prior & Likelihood'!$B$59:$C$59,0))*INDEX('Prior & Likelihood'!$B$78:$D$78,MATCH($E18,'Prior & Likelihood'!$B$77:$D$77,0)) -> 0 | H18: ='Prior & Likelihood'!C6*INDEX('Prior & Likelihood'!$B$25:$D$25,MATCH($B18,'Prior & Likelihood'!$B$23:$D$23,0))*INDEX('Prior & Likelihood'!$B$43:$D$43,MATCH($C18,'Prior & Likelihood'!$B$41:$D$41,0))*INDEX('Prior & Likelihood'!$B$61:$C$61,MATCH($D18,'Prior & Likelihood'!$B$59:$C$59,0))*INDEX('Prior & Likelihood'!$B$79:$D$79,MATCH($E18,'Prior & Likelihood'!$B$77:$D$77,0)) -> 0 | I18: ='Prior & Likelihood'!C7*INDEX('Prior & Likelihood'!$B$26:$D$26,MATCH($B18,'Prior & Likelihood'!$B$23:$D$23,0))*INDEX('Prior & Likelihood'!$B$44:$D$44,MATCH($C18,'Prior & Likelihood'!$B$41:$D$41,0))*INDEX('Prior & Likelihood'!$B$62:$C$62,MATCH($D18,'Prior & Likelihood'!$B$59:$C$59,0))*INDEX('Prior & Likelihood'!$B$80:$D$80,MATCH($E18,'Prior & Likelihood'!$B$77:$D$77,0)) -> 0 | J18: ='Prior & Likelihood'!C8*INDEX('Prior & Likelihood'!$B$27:$D$27,MATCH($B18,'Prior & Likelihood'!$B$23:$D$23,0))*INDEX('Prior & Likelihood'!$B$45:$D$45,MATCH($C18,'Prior & Likelihood'!$B$41:$D$41,0))*INDEX('Prior & Likelihood'!$B$63:$C$63,MATCH($D18,'Prior & Likelihood'!$B$59:$C$59,0))*INDEX('Prior & Likelihood'!$B$81:$D$81,MATCH($E18,'Prior & Likelihood'!$B$77:$D$77,0)) -> 0.00171683 | K18: ='Prior & Likelihood'!C9*INDEX('Prior & Likelihood'!$B$28:$D$28,MATCH($B18,'Prior & Likelihood'!$B$23:$D$23,0))*INDEX('Prior & Likelihood'!$B$46:$D$46,MATCH($C18,'Prior & Likelihood'!$B$41:$D$41,0))*INDEX('Prior & Likelihood'!$B$64:$C$64,MATCH($D18,'Prior & Likelihood'!$B$59:$C$59,0))*INDEX('Prior & Likelihood'!$B$82:$D$82,MATCH($E18,'Prior & Likelihood'!$B$77:$D$77,0)) -> 0.013490156 | L18: =INDEX({"drugA","drugB","drugC","drugX","DrugY"},MATCH(MAX(G18:K18),G18:K18,0)) -> DrugY | M18: =IF(L18=F18,1,0) -> 0
A19: 15 | B19: ='Splitting Data'!B179 -> ADULT | C19: ='Splitting Data'!C179 -> NORMAL | D19: ='Splitting Data'!D179 -> NORMAL | E19: ='Splitting Data'!E179 -> LOW | F19: ='Splitting Data'!F179 -> drugX | G19: ='Prior & Likelihood'!C5*INDEX('Prior & Likelihood'!$B$24:$D$24,MATCH($B19,'Prior & Likelihood'!$B$23:$D$23,0))*INDEX('Prior & Likelihood'!$B$42:$D$42,MATCH($C19,'Prior & Likelihood'!$B$41:$D$41,0))*INDEX('Prior & Likelihood'!$B$60:$C$60,MATCH($D19,'Prior & Likelihood'!$B$59:$C$59,0))*INDEX('Prior & Likelihood'!$B$78:$D$78,MATCH($E19,'Prior & Likelihood'!$B$77:$D$77,0)) -> 0 | H19: ='Prior & Likelihood'!C6*INDEX('Prior & Likelihood'!$B$25:$D$25,MATCH($B19,'Prior & Likelihood'!$B$23:$D$23,0))*INDEX('Prior & Likelihood'!$B$43:$D$43,MATCH($C19,'Prior & Likelihood'!$B$41:$D$41,0))*INDEX('Prior & Likelihood'!$B$61:$C$61,MATCH($D19,'Prior & Likelihood'!$B$59:$C$59,0))*INDEX('Prior & Likelihood'!$B$79:$D$79,MATCH($E19,'Prior & Likelihood'!$B$77:$D$77,0)) -> 0 | I19: ='Prior & Likelihood'!C7*INDEX('Prior & Likelihood'!$B$26:$D$26,MATCH($B19,'Prior & Likelihood'!$B$23:$D$23,0))*INDEX('Prior & Likelihood'!$B$44:$D$44,MATCH($C19,'Prior & Likelihood'!$B$41:$D$41,0))*INDEX('Prior & Likelihood'!$B$62:$C$62,MATCH($D19,'Prior & Likelihood'!$B$59:$C$59,0))*INDEX('Prior & Likelihood'!$B$80:$D$80,MATCH($E19,'Prior & Likelihood'!$B$77:$D$77,0)) -> 0 | J19: ='Prior & Likelihood'!C8*INDEX('Prior & Likelihood'!$B$27:$D$27,MATCH($B19,'Prior & Likelihood'!$B$23:$D$23,0))*INDEX('Prior & Likelihood'!$B$45:$D$45,MATCH($C19,'Prior & Likelihood'!$B$41:$D$41,0))*INDEX('Prior & Likelihood'!$B$63:$C$63,MATCH($D19,'Prior & Likelihood'!$B$59:$C$59,0))*INDEX('Prior & Likelihood'!$B$81:$D$81,MATCH($E19,'Prior & Likelihood'!$B$77:$D$77,0)) -> 0.010668872 | K19: ='Prior & Likelihood'!C9*INDEX('Prior & Likelihood'!$B$28:$D$28,MATCH($B19,'Prior & Likelihood'!$B$23:$D$23,0))*INDEX('Prior & Likelihood'!$B$46:$D$46,MATCH($C19,'Prior & Likelihood'!$B$41:$D$41,0))*INDEX('Prior & Likelihood'!$B$64:$C$64,MATCH($D19,'Prior & Likelihood'!$B$59:$C$59,0))*INDEX('Prior & Likelihood'!$B$82:$D$82,MATCH($E19,'Prior & Likelihood'!$B$77:$D$77,0)) -> 0 | L19: =INDEX({"drugA","drugB","drugC","drugX","DrugY"},MATCH(MAX(G19:K19),G19:K19,0)) -> drugX | M19: =IF(L19=F19,1,0) -> 1
A20: 16 | B20: ='Splitting Data'!B180 -> ADULT | C20: ='Splitting Data'!C180 -> LOW | D20: ='Splitting Data'!D180 -> NORMAL | E20: ='Splitting Data'!E180 -> NORMAL | F20: ='Splitting Data'!F180 -> drugX | G20: ='Prior & Likelihood'!C5*INDEX('Prior & Likelihood'!$B$24:$D$24,MATCH($B20,'Prior & Likelihood'!$B$23:$D$23,0))*INDEX('Prior & Likelihood'!$B$42:$D$42,MATCH($C20,'Prior & Likelihood'!$B$41:$D$41,0))*INDEX('Prior & Likelihood'!$B$60:$C$60,MATCH($D20,'Prior & Likelihood'!$B$59:$C$59,0))*INDEX('Prior & Likelihood'!$B$78:$D$78,MATCH($E20,'Prior & Likelihood'!$B$77:$D$77,0)) -> 0 | H20: ='Prior & Likelihood'!C6*INDEX('Prior & Likelihood'!$B$25:$D$25,MATCH($B20,'Prior & Likelihood'!$B$23:$D$23,0))*INDEX('Prior & Likelihood'!$B$43:$D$43,MATCH($C20,'Prior & Likelihood'!$B$41:$D$41,0))*INDEX('Prior & Likelihood'!$B$61:$C$61,MATCH($D20,'Prior & Likelihood'!$B$59:$C$59,0))*INDEX('Prior & Likelihood'!$B$79:$D$79,MATCH($E20,'Prior & Likelihood'!$B$77:$D$77,0)) -> 0 | I20: ='Prior & Likelihood'!C7*INDEX('Prior & Likelihood'!$B$26:$D$26,MATCH($B20,'Prior & Likelihood'!$B$23:$D$23,0))*INDEX('Prior & Likelihood'!$B$44:$D$44,MATCH($C20,'Prior & Likelihood'!$B$41:$D$41,0))*INDEX('Prior & Likelihood'!$B$62:$C$62,MATCH($D20,'Prior & Likelihood'!$B$59:$C$59,0))*INDEX('Prior & Likelihood'!$B$80:$D$80,MATCH($E20,'Prior & Likelihood'!$B$77:$D$77,0)) -> 0 | J20: ='Prior & Likelihood'!C8*INDEX('Prior & Likelihood'!$B$27:$D$27,MATCH($B20,'Prior & Likelihood'!$B$23:$D$23,0))*INDEX('Prior & Likelihood'!$B$45:$D$45,MATCH($C20,'Prior & Likelihood'!$B$41:$D$41,0))*INDEX('Prior & Likelihood'!$B$63:$C$63,MATCH($D20,'Prior & Likelihood'!$B$59:$C$59,0))*INDEX('Prior & Likelihood'!$B$81:$D$81,MATCH($E20,'Prior & Likelihood'!$B$77:$D$77,0)) -> 0.0078974178 | K20: ='Prior & Likelihood'!C9*INDEX('Prior & Likelihood'!$B$28:$D$28,MATCH($B20,'Prior & Likelihood'!$B$23:$D$23,0))*INDEX('Prior & Likelihood'!$B$46:$D$46,MATCH($C20,'Prior & Likelihood'!$B$41:$D$41,0))*INDEX('Prior & Likelihood'!$B$64:$C$64,MATCH($D20,'Prior & Likelihood'!$B$59:$C$59,0))*INDEX('Prior & Likelihood'!$B$82:$D$82,MATCH($E20,'Prior & Likelihood'!$B$77:$D$77,0)) -> 0.0099570199 | L20: =INDEX({"drugA","drugB","drugC","drugX","DrugY"},MATCH(MAX(G20:K20),G20:K20,0)) -> DrugY | M20: =IF(L20=F20,1,0) -> 0
A21: 17 | B21: ='Splitting Data'!B181 -> OLD | C21: ='Splitting Data'!C181 -> NORMAL | D21: ='Splitting Data'!D181 -> NORMAL | E21: ='Splitting Data'!E181 -> LOW | F21: ='Splitting Data'!F181 -> drugX | G21: ='Prior & Likelihood'!C5*INDEX('Prior & Likelihood'!$B$24:$D$24,MATCH($B21,'Prior & Likelihood'!$B$23:$D$23,0))*INDEX('Prior & Likelihood'!$B$42:$D$42,MATCH($C21,'Prior & Likelihood'!$B$41:$D$41,0))*INDEX('Prior & Likelihood'!$B$60:$C$60,MATCH($D21,'Prior & Likelihood'!$B$59:$C$59,0))*INDEX('Prior & Likelihood'!$B$78:$D$78,MATCH($E21,'Prior & Likelihood'!$B$77:$D$77,0)) -> 0 | H21: ='Prior & Likelihood'!C6*INDEX('Prior & Likelihood'!$B$25:$D$25,MATCH($B21,'Prior & Likelihood'!$B$23:$D$23,0))*INDEX('Prior & Likelihood'!$B$43:$D$43,MATCH($C21,'Prior & Likelihood'!$B$41:$D$41,0))*INDEX('Prior & Likelihood'!$B$61:$C$61,MATCH($D21,'Prior & Likelihood'!$B$59:$C$59,0))*INDEX('Prior & Likelihood'!$B$79:$D$79,MATCH($E21,'Prior & Likelihood'!$B$77:$D$77,0)) -> 0 | I21: ='Prior & Likelihood'!C7*INDEX('Prior & Likelihood'!$B$26:$D$26,MATCH($B21,'Prior & Likelihood'!$B$23:$D$23,0))*INDEX('Prior & Likelihood'!$B$44:$D$44,MATCH($C21,'Prior & Likelihood'!$B$41:$D$41,0))*INDEX('Prior & Likelihood'!$B$62:$C$62,MATCH($D21,'Prior & Likelihood'!$B$59:$C$59,0))*INDEX('Prior & Likelihood'!$B$80:$D$80,MATCH($E21,'Prior & Likelihood'!$B$77:$D$77,0)) -> 0 | J21: ='Prior & Likelihood'!C8*INDEX('Prior & Likelihood'!$B$27:$D$27,MATCH($B21,'Prior & Likelihood'!$B$23:$D$23,0))*INDEX('Prior & Likelihood'!$B$45:$D$45,MATCH($C21,'Prior & Likelihood'!$B$41:$D$41,0))*INDEX('Prior & Likelihood'!$B$63:$C$63,MATCH($D21,'Prior & Likelihood'!$B$59:$C$59,0))*INDEX('Prior & Likelihood'!$B$81:$D$81,MATCH($E21,'Prior & Likelihood'!$B$77:$D$77,0)) -> 0.019559599 | K21: ='Prior & Likelihood'!C9*INDEX('Prior & Likelihood'!$B$28:$D$28,MATCH($B21,'Prior & Likelihood'!$B$23:$D$23,0))*INDEX('Prior & Likelihood'!$B$46:$D$46,MATCH($C21,'Prior & Likelihood'!$B$41:$D$41,0))*INDEX('Prior & Likelihood'!$B$64:$C$64,MATCH($D21,'Prior & Likelihood'!$B$59:$C$59,0))*INDEX('Prior & Likelihood'!$B$82:$D$82,MATCH($E21,'Prior & Likelihood'!$B$77:$D$77,0)) -> 0 | L21: =INDEX({"drugA","drugB","drugC","drugX","DrugY"},MATCH(MAX(G21:K21),G21:K21,0)) -> drugX | M21: =IF(L21=F21,1,0) -> 1
A22: 18 | B22: ='Splitting Data'!B182 -> OLD | C22: ='Splitting Data'!C182 -> LOW | D22: ='Splitting Data'!D182 -> NORMAL | E22: ='Splitting Data'!E182 -> NORMAL | F22: ='Splitting Data'!F182 -> drugX | G22: ='Prior & Likelihood'!C5*INDEX('Prior & Likelihood'!$B$24:$D$24,MATCH($B22,'Prior & Likelihood'!$B$23:$D$23,0))*INDEX('Prior & Likelihood'!$B$42:$D$42,MATCH($C22,'Prior & Likelihood'!$B$41:$D$41,0))*INDEX('Prior & Likelihood'!$B$60:$C$60,MATCH($D22,'Prior & Likelihood'!$B$59:$C$59,0))*INDEX('Prior & Likelihood'!$B$78:$D$78,MATCH($E22,'Prior & Likelihood'!$B$77:$D$77,0)) -> 0 | H22: ='Prior & Likelihood'!C6*INDEX('Prior & Likelihood'!$B$25:$D$25,MATCH($B22,'Prior & Likelihood'!$B$23:$D$23,0))*INDEX('Prior & Likelihood'!$B$43:$D$43,MATCH($C22,'Prior & Likelihood'!$B$41:$D$41,0))*INDEX('Prior & Likelihood'!$B$61:$C$61,MATCH($D22,'Prior & Likelihood'!$B$59:$C$59,0))*INDEX('Prior & Likelihood'!$B$79:$D$79,MATCH($E22,'Prior & Likelihood'!$B$77:$D$77,0)) -> 0 | I22: ='Prior & Likelihood'!C7*INDEX('Prior & Likelihood'!$B$26:$D$26,MATCH($B22,'Prior & Likelihood'!$B$23:$D$23,0))*INDEX('Prior & Likelihood'!$B$44:$D$44,MATCH($C22,'Prior & Likelihood'!$B$41:$D$41,0))*INDEX('Prior & Likelihood'!$B$62:$C$62,MATCH($D22,'Prior & Likelihood'!$B$59:$C$59,0))*INDEX('Prior & Likelihood'!$B$80:$D$80,MATCH($E22,'Prior & Likelihood'!$B$77:$D$77,0)) -> 0 | J22: ='Prior & Likelihood'!C8*INDEX('Prior & Likelihood'!$B$27:$D$27,MATCH($B22,'Prior & Likelihood'!$B$23:$D$23,0))*INDEX('Prior & Likelihood'!$B$45:$D$45,MATCH($C22,'Prior & Likelihood'!$B$41:$D$41,0))*INDEX('Prior & Likelihood'!$B$63:$C$63,MATCH($D22,'Prior & Likelihood'!$B$59:$C$59,0))*INDEX('Prior & Likelihood'!$B$81:$D$81,MATCH($E22,'Prior & Likelihood'!$B$77:$D$77,0)) -> 0.014478599 | K22: ='Prior & Likelihood'!C9*INDEX('Prior & Likelihood'!$B$28:$D$28,MATCH($B22,'Prior & Likelihood'!$B$23:$D$23,0))*INDEX('Prior & Likelihood'!$B$46:$D$46,MATCH($C22,'Prior & Likelihood'!$B$41:$D$41,0))*INDEX('Prior & Likelihood'!$B$64:$C$64,MATCH($D22,'Prior & Likelihood'!$B$59:$C$59,0))*INDEX('Prior & Likelihood'!$B$82:$D$82,MATCH($E22,'Prior & Likelihood'!$B$77:$D$77,0)) -> 0.011379451 | L22: =INDEX({"drugA","drugB","drugC","drugX","DrugY"},MATCH(MAX(G22:K22),G22:K22,0)) -> drugX | M22: =IF(L22=F22,1,0) -> 1
A23: 19 | B23: ='Splitting Data'!B183 -> OLD | C23: ='Splitting Data'!C183 -> NORMAL | D23: ='Splitting Data'!D183 -> HIGH | E23: ='Splitting Data'!E183 -> NORMAL | F23: ='Splitting Data'!F183 -> drugX | G23: ='Prior & Likelihood'!C5*INDEX('Prior & Likelihood'!$B$24:$D$24,MATCH($B23,'Prior & Likelihood'!$B$23:$D$23,0))*INDEX('Prior & Likelihood'!$B$42:$D$42,MATCH($C23,'Prior & Likelihood'!$B$41:$D$41,0))*INDEX('Prior & Likelihood'!$B$60:$C$60,MATCH($D23,'Prior & Likelihood'!$B$59:$C$59,0))*INDEX('Prior & Likelihood'!$B$78:$D$78,MATCH($E23,'Prior & Likelihood'!$B$77:$D$77,0)) -> 0 | H23: ='Prior & Likelihood'!C6*INDEX('Prior & Likelihood'!$B$25:$D$25,MATCH($B23,'Prior & Likelihood'!$B$23:$D$23,0))*INDEX('Prior & Likelihood'!$B$43:$D$43,MATCH($C23,'Prior & Likelihood'!$B$41:$D$41,0))*INDEX('Prior & Likelihood'!$B$61:$C$61,MATCH($D23,'Prior & Likelihood'!$B$59:$C$59,0))*INDEX('Prior & Likelihood'!$B$79:$D$79,MATCH($E23,'Prior & Likelihood'!$B$77:$D$77,0)) -> 0 | I23: ='Prior & Likelihood'!C7*INDEX('Prior & Likelihood'!$B$26:$D$26,MATCH($B23,'Prior & Likelihood'!$B$23:$D$23,0))*INDEX('Prior & Likelihood'!$B$44:$D$44,MATCH($C23,'Prior & Likelihood'!$B$41:$D$41,0))*INDEX('Prior & Likelihood'!$B$62:$C$62,MATCH($D23,'Prior & Likelihood'!$B$59:$C$59,0))*INDEX('Prior & Likelihood'!$B$80:$D$80,MATCH($E23,'Prior & Likelihood'!$B$77:$D$77,0)) -> 0 | J23: ='Prior & Likelihood'!C8*INDEX('Prior & Likelihood'!$B$27:$D$27,MATCH($B23,'Prior & Likelihood'!$B$23:$D$23,0))*INDEX('Prior & Likelihood'!$B$45:$D$45,MATCH($C23,'Prior & Likelihood'!$B$41:$D$41,0))*INDEX('Prior & Likelihood'!$B$63:$C$63,MATCH($D23,'Prior & Likelihood'!$B$59:$C$59,0))*INDEX('Prior & Likelihood'!$B$81:$D$81,MATCH($E23,'Prior & Likelihood'!$B$77:$D$77,0)) -> 0.019609751 | K23: ='Prior & Likelihood'!C9*INDEX('Prior & Likelihood'!$B$28:$D$28,MATCH($B23,'Prior & Likelihood'!$B$23:$D$23,0))*INDEX('Prior & Likelihood'!$B$46:$D$46,MATCH($C23,'Prior & Likelihood'!$B$41:$D$41,0))*INDEX('Prior & Likelihood'!$B$64:$C$64,MATCH($D23,'Prior & Likelihood'!$B$59:$C$59,0))*INDEX('Prior & Likelihood'!$B$82:$D$82,MATCH($E23,'Prior & Likelihood'!$B$77:$D$77,0)) -> 0.0130529 | L23: =INDEX({"drugA","drugB","drugC","drugX","DrugY"},MATCH(MAX(G23:K23),G23:K23,0)) -> drugX | M23: =IF(L23=F23,1,0) -> 1
A24: 20 | B24: ='Splitting Data'!B184 -> OLD | C24: ='Splitting Data'!C184 -> NORMAL | D24: ='Splitting Data'!D184 -> NORMAL | E24: ='Splitting Data'!E184 -> LOW | F24: ='Splitting Data'!F184 -> drugX | G24: ='Prior & Likelihood'!C5*INDEX('Prior & Likelihood'!$B$24:$D$24,MATCH($B24,'Prior & Likelihood'!$B$23:$D$23,0))*INDEX('Prior & Likelihood'!$B$42:$D$42,MATCH($C24,'Prior & Likelihood'!$B$41:$D$41,0))*INDEX('Prior & Likelihood'!$B$60:$C$60,MATCH($D24,'Prior & Likelihood'!$B$59:$C$59,0))*INDEX('Prior & Likelihood'!$B$78:$D$78,MATCH($E24,'Prior & Likelihood'!$B$77:$D$77,0)) -> 0 | H24: ='Prior & Likelihood'!C6*INDEX('Prior & Likelihood'!$B$25:$D$25,MATCH($B24,'Prior & Likelihood'!$B$23:$D$23,0))*INDEX('Prior & Likelihood'!$B$43:$D$43,MATCH($C24,'Prior & Likelihood'!$B$41:$D$41,0))*INDEX('Prior & Likelihood'!$B$61:$C$61,MATCH($D24,'Prior & Likelihood'!$B$59:$C$59,0))*INDEX('Prior & Likelihood'!$B$79:$D$79,MATCH($E24,'Prior & Likelihood'!$B$77:$D$77,0)) -> 0 | I24: ='Prior & Likelihood'!C7*INDEX('Prior & Likelihood'!$B$26:$D$26,MATCH($B24,'Prior & Likelihood'!$B$23:$D$23,0))*INDEX('Prior & Likelihood'!$B$44:$D$44,MATCH($C24,'Prior & Likelihood'!$B$41:$D$41,0))*INDEX('Prior & Likelihood'!$B$62:$C$62,MATCH($D24,'Prior & Likelihood'!$B$59:$C$59,0))*INDEX('Prior & Likelihood'!$B$80:$D$80,MATCH($E24,'Prior & Likelihood'!$B$77:$D$77,0)) -> 0 | J24: ='Prior & Likelihood'!C8*INDEX('Prior & Likelihood'!$B$27:$D$27,MATCH($B24,'Prior & Likelihood'!$B$23:$D$23,0))*INDEX('Prior & Likelihood'!$B$45:$D$45,MATCH($C24,'Prior & Likelihood'!$B$41:$D$41,0))*INDEX('Prior & Likelihood'!$B$63:$C$63,MATCH($D24,'Prior & Likelihood'!$B$59:$C$59,0))*INDEX('Prior & Likelihood'!$B$81:$D$81,MATCH($E24,'Prior & Likelihood'!$B$77:$D$77,0)) -> 0.019559599 | K24: ='Prior & Likelihood'!C9*INDEX('Prior & Likelihood'!$B$28:$D$28,MATCH($B24,'Prior & Likelihood'!$B$23:$D$23,0))*INDEX('Prior & Likelihood'!$B$46:$D$46,MATCH($C24,'Prior & Likelihood'!$B$41:$D$41,0))*INDEX('Prior & Likelihood'!$B$64:$C$64,MATCH($D24,'Prior & Likelihood'!$B$59:$C$59,0))*INDEX('Prior & Likelihood'!$B$82:$D$82,MATCH($E24,'Prior & Likelihood'!$B$77:$D$77,0)) -> 0 | L24: =INDEX({"drugA","drugB","drugC","drugX","DrugY"},MATCH(MAX(G24:K24),G24:K24,0)) -> drugX | M24: =IF(L24=F24,1,0) -> 1
A25: 21 | B25: ='Splitting Data'!B185 -> OLD | C25: ='Splitting Data'!C185 -> NORMAL | D25: ='Splitting Data'!D185 -> NORMAL | E25: ='Splitting Data'!E185 -> NORMAL | F25: ='Splitting Data'!F185 -> drugX | G25: ='Prior & Likelihood'!C5*INDEX('Prior & Likelihood'!$B$24:$D$24,MATCH($B25,'Prior & Likelihood'!$B$23:$D$23,0))*INDEX('Prior & Likelihood'!$B$42:$D$42,MATCH($C25,'Prior & Likelihood'!$B$41:$D$41,0))*INDEX('Prior & Likelihood'!$B$60:$C$60,MATCH($D25,'Prior & Likelihood'!$B$59:$C$59,0))*INDEX('Prior & Likelihood'!$B$78:$D$78,MATCH($E25,'Prior & Likelihood'!$B$77:$D$77,0)) -> 0 | H25: ='Prior & Likelihood'!C6*INDEX('Prior & Likelihood'!$B$25:$D$25,MATCH($B25,'Prior & Likelihood'!$B$23:$D$23,0))*INDEX('Prior & Likelihood'!$B$43:$D$43,MATCH($C25,'Prior & Likelihood'!$B$41:$D$41,0))*INDEX('Prior & Likelihood'!$B$61:$C$61,MATCH($D25,'Prior & Likelihood'!$B$59:$C$59,0))*INDEX('Prior & Likelihood'!$B$79:$D$79,MATCH($E25,'Prior & Likelihood'!$B$77:$D$77,0)) -> 0 | I25: ='Prior & Likelihood'!C7*INDEX('Prior & Likelihood'!$B$26:$D$26,MATCH($B25,'Prior & Likelihood'!$B$23:$D$23,0))*INDEX('Prior & Likelihood'!$B$44:$D$44,MATCH($C25,'Prior & Likelihood'!$B$41:$D$41,0))*INDEX('Prior & Likelihood'!$B$62:$C$62,MATCH($D25,'Prior & Likelihood'!$B$59:$C$59,0))*INDEX('Prior & Likelihood'!$B$80:$D$80,MATCH($E25,'Prior & Likelihood'!$B$77:$D$77,0)) -> 0 | J25: ='Prior & Likelihood'!C8*INDEX('Prior & Likelihood'!$B$27:$D$27,MATCH($B25,'Prior & Likelihood'!$B$23:$D$23,0))*INDEX('Prior & Likelihood'!$B$45:$D$45,MATCH($C25,'Prior & Likelihood'!$B$41:$D$41,0))*INDEX('Prior & Likelihood'!$B$63:$C$63,MATCH($D25,'Prior & Likelihood'!$B$59:$C$59,0))*INDEX('Prior & Likelihood'!$B$81:$D$81,MATCH($E25,'Prior & Likelihood'!$B$77:$D$77,0)) -> 0.029991384 | K25: ='Prior & Likelihood'!C9*INDEX('Prior & Likelihood'!$B$28:$D$28,MATCH($B25,'Prior & Likelihood'!$B$23:$D$23,0))*INDEX('Prior & Likelihood'!$B$46:$D$46,MATCH($C25,'Prior & Likelihood'!$B$41:$D$41,0))*INDEX('Prior & Likelihood'!$B$64:$C$64,MATCH($D25,'Prior & Likelihood'!$B$59:$C$59,0))*INDEX('Prior & Likelihood'!$B$82:$D$82,MATCH($E25,'Prior & Likelihood'!$B$77:$D$77,0)) -> 0.011379451 | L25: =INDEX({"drugA","drugB","drugC","drugX","DrugY"},MATCH(MAX(G25:K25),G25:K25,0)) -> drugX | M25: =IF(L25=F25,1,0) -> 1
A26: 22 | B26: ='Splitting Data'!B186 -> OLD | C26: ='Splitting Data'!C186 -> LOW | D26: ='Splitting Data'!D186 -> NORMAL | E26: ='Splitting Data'!E186 -> HIGH | F26: ='Splitting Data'!F186 -> drugX | G26: ='Prior & Likelihood'!C5*INDEX('Prior & Likelihood'!$B$24:$D$24,MATCH($B26,'Prior & Likelihood'!$B$23:$D$23,0))*INDEX('Prior & Likelihood'!$B$42:$D$42,MATCH($C26,'Prior & Likelihood'!$B$41:$D$41,0))*INDEX('Prior & Likelihood'!$B$60:$C$60,MATCH($D26,'Prior & Likelihood'!$B$59:$C$59,0))*INDEX('Prior & Likelihood'!$B$78:$D$78,MATCH($E26,'Prior & Likelihood'!$B$77:$D$77,0)) -> 0 | H26: ='Prior & Likelihood'!C6*INDEX('Prior & Likelihood'!$B$25:$D$25,MATCH($B26,'Prior & Likelihood'!$B$23:$D$23,0))*INDEX('Prior & Likelihood'!$B$43:$D$43,MATCH($C26,'Prior & Likelihood'!$B$41:$D$41,0))*INDEX('Prior & Likelihood'!$B$61:$C$61,MATCH($D26,'Prior & Likelihood'!$B$59:$C$59,0))*INDEX('Prior & Likelihood'!$B$79:$D$79,MATCH($E26,'Prior & Likelihood'!$B$77:$D$77,0)) -> 0 | I26: ='Prior & Likelihood'!C7*INDEX('Prior & Likelihood'!$B$26:$D$26,MATCH($B26,'Prior & Likelihood'!$B$23:$D$23,0))*INDEX('Prior & Likelihood'!$B$44:$D$44,MATCH($C26,'Prior & Likelihood'!$B$41:$D$41,0))*INDEX('Prior & Likelihood'!$B$62:$C$62,MATCH($D26,'Prior & Likelihood'!$B$59:$C$59,0))*INDEX('Prior & Likelihood'!$B$80:$D$80,MATCH($E26,'Prior & Likelihood'!$B$77:$D$77,0)) -> 0 | J26: ='Prior & Likelihood'!C8*INDEX('Prior & Likelihood'!$B$27:$D$27,MATCH($B26,'Prior & Likelihood'!$B$23:$D$23,0))*INDEX('Prior & Likelihood'!$B$45:$D$45,MATCH($C26,'Prior & Likelihood'!$B$41:$D$41,0))*INDEX('Prior & Likelihood'!$B$63:$C$63,MATCH($D26,'Prior & Likelihood'!$B$59:$C$59,0))*INDEX('Prior & Likelihood'!$B$81:$D$81,MATCH($E26,'Prior & Likelihood'!$B$77:$D$77,0)) -> 0.0031475216 | K26: ='Prior & Likelihood'!C9*INDEX('Prior & Likelihood'!$B$28:$D$28,MATCH($B26,'Prior & Likelihood'!$B$23:$D$23,0))*INDEX('Prior & Likelihood'!$B$46:$D$46,MATCH($C26,'Prior & Likelihood'!$B$41:$D$41,0))*INDEX('Prior & Likelihood'!$B$64:$C$64,MATCH($D26,'Prior & Likelihood'!$B$59:$C$59,0))*INDEX('Prior & Likelihood'!$B$82:$D$82,MATCH($E26,'Prior & Likelihood'!$B$77:$D$77,0)) -> 0.015417321 | L26: =INDEX({"drugA","drugB","drugC","drugX","DrugY"},MATCH(MAX(G26:K26),G26:K26,0)) -> DrugY | M26: =IF(L26=F26,1,0) -> 0
A27: 23 | B27: ='Splitting Data'!B187 -> YOUNG | C27: ='Splitting Data'!C187 -> HIGH | D27: ='Splitting Data'!D187 -> NORMAL | E27: ='Splitting Data'!E187 -> NORMAL | F27: ='Splitting Data'!F187 -> DrugY | G27: ='Prior & Likelihood'!C5*INDEX('Prior & Likelihood'!$B$24:$D$24,MATCH($B27,'Prior & Likelihood'!$B$23:$D$23,0))*INDEX('Prior & Likelihood'!$B$42:$D$42,MATCH($C27,'Prior & Likelihood'!$B$41:$D$41,0))*INDEX('Prior & Likelihood'!$B$60:$C$60,MATCH($D27,'Prior & Likelihood'!$B$59:$C$59,0))*INDEX('Prior & Likelihood'!$B$78:$D$78,MATCH($E27,'Prior & Likelihood'!$B$77:$D$77,0)) -> 0.0063657407 | H27: ='Prior & Likelihood'!C6*INDEX('Prior & Likelihood'!$B$25:$D$25,MATCH($B27,'Prior & Likelihood'!$B$23:$D$23,0))*INDEX('Prior & Likelihood'!$B$43:$D$43,MATCH($C27,'Prior & Likelihood'!$B$41:$D$41,0))*INDEX('Prior & Likelihood'!$B$61:$C$61,MATCH($D27,'Prior & Likelihood'!$B$59:$C$59,0))*INDEX('Prior & Likelihood'!$B$79:$D$79,MATCH($E27,'Prior & Likelihood'!$B$77:$D$77,0)) -> 0 | I27: ='Prior & Likelihood'!C7*INDEX('Prior & Likelihood'!$B$26:$D$26,MATCH($B27,'Prior & Likelihood'!$B$23:$D$23,0))*INDEX('Prior & Likelihood'!$B$44:$D$44,MATCH($C27,'Prior & Likelihood'!$B$41:$D$41,0))*INDEX('Prior & Likelihood'!$B$62:$C$62,MATCH($D27,'Prior & Likelihood'!$B$59:$C$59,0))*INDEX('Prior & Likelihood'!$B$80:$D$80,MATCH($E27,'Prior & Likelihood'!$B$77:$D$77,0)) -> 0 | J27: ='Prior & Likelihood'!C8*INDEX('Prior & Likelihood'!$B$27:$D$27,MATCH($B27,'Prior & Likelihood'!$B$23:$D$23,0))*INDEX('Prior & Likelihood'!$B$45:$D$45,MATCH($C27,'Prior & Likelihood'!$B$41:$D$41,0))*INDEX('Prior & Likelihood'!$B$63:$C$63,MATCH($D27,'Prior & Likelihood'!$B$59:$C$59,0))*INDEX('Prior & Likelihood'!$B$81:$D$81,MATCH($E27,'Prior & Likelihood'!$B$77:$D$77,0)) -> 0 | K27: ='Prior & Likelihood'!C9*INDEX('Prior & Likelihood'!$B$28:$D$28,MATCH($B27,'Prior & Likelihood'!$B$23:$D$23,0))*INDEX('Prior & Likelihood'!$B$46:$D$46,MATCH($C27,'Prior & Likelihood'!$B$41:$D$41,0))*INDEX('Prior & Likelihood'!$B$64:$C$64,MATCH($D27,'Prior & Likelihood'!$B$59:$C$59,0))*INDEX('Prior & Likelihood'!$B$82:$D$82,MATCH($E27,'Prior & Likelihood'!$B$77:$D$77,0)) -> 0.006824284 | L27: =INDEX({"drugA","drugB","drugC","drugX","DrugY"},MATCH(MAX(G27:K27),G27:K27,0)) -> DrugY | M27: =IF(L27=F27,1,0) -> 1
A28: 24 | B28: ='Splitting Data'!B188 -> YOUNG | C28: ='Splitting Data'!C188 -> HIGH | D28: ='Splitting Data'!D188 -> NORMAL | E28: ='Splitting Data'!E188 -> NORMAL | F28: ='Splitting Data'!F188 -> DrugY | G28: ='Prior & Likelihood'!C5*INDEX('Prior & Likelihood'!$B$24:$D$24,MATCH($B28,'Prior & Likelihood'!$B$23:$D$23,0))*INDEX('Prior & Likelihood'!$B$42:$D$42,MATCH($C28,'Prior & Likelihood'!$B$41:$D$41,0))*INDEX('Prior & Likelihood'!$B$60:$C$60,MATCH($D28,'Prior & Likelihood'!$B$59:$C$59,0))*INDEX('Prior & Likelihood'!$B$78:$D$78,MATCH($E28,'Prior & Likelihood'!$B$77:$D$77,0)) -> 0.0063657407 | H28: ='Prior & Likelihood'!C6*INDEX('Prior & Likelihood'!$B$25:$D$25,MATCH($B28,'Prior & Likelihood'!$B$23:$D$23,0))*INDEX('Prior & Likelihood'!$B$43:$D$43,MATCH($C28,'Prior & Likelihood'!$B$41:$D$41,0))*INDEX('Prior & Likelihood'!$B$61:$C$61,MATCH($D28,'Prior & Likelihood'!$B$59:$C$59,0))*INDEX('Prior & Likelihood'!$B$79:$D$79,MATCH($E28,'Prior & Likelihood'!$B$77:$D$77,0)) -> 0 | I28: ='Prior & Likelihood'!C7*INDEX('Prior & Likelihood'!$B$26:$D$26,MATCH($B28,'Prior & Likelihood'!$B$23:$D$23,0))*INDEX('Prior & Likelihood'!$B$44:$D$44,MATCH($C28,'Prior & Likelihood'!$B$41:$D$41,0))*INDEX('Prior & Likelihood'!$B$62:$C$62,MATCH($D28,'Prior & Likelihood'!$B$59:$C$59,0))*INDEX('Prior & Likelihood'!$B$80:$D$80,MATCH($E28,'Prior & Likelihood'!$B$77:$D$77,0)) -> 0 | J28: ='Prior & Likelihood'!C8*INDEX('Prior & Likelihood'!$B$27:$D$27,MATCH($B28,'Prior & Likelihood'!$B$23:$D$23,0))*INDEX('Prior & Likelihood'!$B$45:$D$45,MATCH($C28,'Prior & Likelihood'!$B$41:$D$41,0))*INDEX('Prior & Likelihood'!$B$63:$C$63,MATCH($D28,'Prior & Likelihood'!$B$59:$C$59,0))*INDEX('Prior & Likelihood'!$B$81:$D$81,MATCH($E28,'Prior & Likelihood'!$B$77:$D$77,0)) -> 0 | K28: ='Prior & Likelihood'!C9*INDEX('Prior & Likelihood'!$B$28:$D$28,MATCH($B28,'Prior & Likelihood'!$B$23:$D$23,0))*INDEX('Prior & Likelihood'!$B$46:$D$46,MATCH($C28,'Prior & Likelihood'!$B$41:$D$41,0))*INDEX('Prior & Likelihood'!$B$64:$C$64,MATCH($D28,'Prior & Likelihood'!$B$59:$C$59,0))*INDEX('Prior & Likelihood'!$B$82:$D$82,MATCH($E28,'Prior & Likelihood'!$B$77:$D$77,0)) -> 0.006824284 | L28: =INDEX({"drugA","drugB","drugC","drugX","DrugY"},MATCH(MAX(G28:K28),G28:K28,0)) -> DrugY | M28: =IF(L28=F28,1,0) -> 1
A29: 25 | B29: ='Splitting Data'!B189 -> YOUNG | C29: ='Splitting Data'!C189 -> HIGH | D29: ='Splitting Data'!D189 -> NORMAL | E29: ='Splitting Data'!E189 -> NORMAL | F29: ='Splitting Data'!F189 -> DrugY | G29: ='Prior & Likelihood'!C5*INDEX('Prior & Likelihood'!$B$24:$D$24,MATCH($B29,'Prior & Likelihood'!$B$23:$D$23,0))*INDEX('Prior & Likelihood'!$B$42:$D$42,MATCH($C29,'Prior & Likelihood'!$B$41:$D$41,0))*INDEX('Prior & Likelihood'!$B$60:$C$60,MATCH($D29,'Prior & Likelihood'!$B$59:$C$59,0))*INDEX('Prior & Likelihood'!$B$78:$D$78,MATCH($E29,'Prior & Likelihood'!$B$77:$D$77,0)) -> 0.0063657407 | H29: ='Prior & Likelihood'!C6*INDEX('Prior & Likelihood'!$B$25:$D$25,MATCH($B29,'Prior & Likelihood'!$B$23:$D$23,0))*INDEX('Prior & Likelihood'!$B$43:$D$43,MATCH($C29,'Prior & Likelihood'!$B$41:$D$41,0))*INDEX('Prior & Likelihood'!$B$61:$C$61,MATCH($D29,'Prior & Likelihood'!$B$59:$C$59,0))*INDEX('Prior & Likelihood'!$B$79:$D$79,MATCH($E29,'Prior & Likelihood'!$B$77:$D$77,0)) -> 0 | I29: ='Prior & Likelihood'!C7*INDEX('Prior & Likelihood'!$B$26:$D$26,MATCH($B29,'Prior & Likelihood'!$B$23:$D$23,0))*INDEX('Prior & Likelihood'!$B$44:$D$44,MATCH($C29,'Prior & Likelihood'!$B$41:$D$41,0))*INDEX('Prior & Likelihood'!$B$62:$C$62,MATCH($D29,'Prior & Likelihood'!$B$59:$C$59,0))*INDEX('Prior & Likelihood'!$B$80:$D$80,MATCH($E29,'Prior & Likelihood'!$B$77:$D$77,0)) -> 0 | J29: ='Prior & Likelihood'!C8*INDEX('Prior & Likelihood'!$B$27:$D$27,MATCH($B29,'Prior & Likelihood'!$B$23:$D$23,0))*INDEX('Prior & Likelihood'!$B$45:$D$45,MATCH($C29,'Prior & Likelihood'!$B$41:$D$41,0))*INDEX('Prior & Likelihood'!$B$63:$C$63,MATCH($D29,'Prior & Likelihood'!$B$59:$C$59,0))*INDEX('Prior & Likelihood'!$B$81:$D$81,MATCH($E29,'Prior & Likelihood'!$B$77:$D$77,0)) -> 0 | K29: ='Prior & Likelihood'!C9*INDEX('Prior & Likelihood'!$B$28:$D$28,MATCH($B29,'Prior & Likelihood'!$B$23:$D$23,0))*INDEX('Prior & Likelihood'!$B$46:$D$46,MATCH($C29,'Prior & Likelihood'!$B$41:$D$41,0))*INDEX('Prior & Likelihood'!$B$64:$C$64,MATCH($D29,'Prior & Likelihood'!$B$59:$C$59,0))*INDEX('Prior & Likelihood'!$B$82:$D$82,MATCH($E29,'Prior & Likelihood'!$B$77:$D$77,0)) -> 0.006824284 | L29: =INDEX({"drugA","drugB","drugC","drugX","DrugY"},MATCH(MAX(G29:K29),G29:K29,0)) -> DrugY | M29: =IF(L29=F29,1,0) -> 1
A30: 26 | B30: ='Splitting Data'!B190 -> ADULT | C30: ='Splitting Data'!C190 -> NORMAL | D30: ='Splitting Data'!D190 -> HIGH | E30: ='Splitting Data'!E190 -> NORMAL | F30: ='Splitting Data'!F190 -> DrugY | G30: ='Prior & Likelihood'!C5*INDEX('Prior & Likelihood'!$B$24:$D$24,MATCH($B30,'Prior & Likelihood'!$B$23:$D$23,0))*INDEX('Prior & Likelihood'!$B$42:$D$42,MATCH($C30,'Prior & Likelihood'!$B$41:$D$41,0))*INDEX('Prior & Likelihood'!$B$60:$C$60,MATCH($D30,'Prior & Likelihood'!$B$59:$C$59,0))*INDEX('Prior & Likelihood'!$B$78:$D$78,MATCH($E30,'Prior & Likelihood'!$B$77:$D$77,0)) -> 0 | H30: ='Prior & Likelihood'!C6*INDEX('Prior & Likelihood'!$B$25:$D$25,MATCH($B30,'Prior & Likelihood'!$B$23:$D$23,0))*INDEX('Prior & Likelihood'!$B$43:$D$43,MATCH($C30,'Prior & Likelihood'!$B$41:$D$41,0))*INDEX('Prior & Likelihood'!$B$61:$C$61,MATCH($D30,'Prior & Likelihood'!$B$59:$C$59,0))*INDEX('Prior & Likelihood'!$B$79:$D$79,MATCH($E30,'Prior & Likelihood'!$B$77:$D$77,0)) -> 0 | I30: ='Prior & Likelihood'!C7*INDEX('Prior & Likelihood'!$B$26:$D$26,MATCH($B30,'Prior & Likelihood'!$B$23:$D$23,0))*INDEX('Prior & Likelihood'!$B$44:$D$44,MATCH($C30,'Prior & Likelihood'!$B$41:$D$41,0))*INDEX('Prior & Likelihood'!$B$62:$C$62,MATCH($D30,'Prior & Likelihood'!$B$59:$C$59,0))*INDEX('Prior & Likelihood'!$B$80:$D$80,MATCH($E30,'Prior & Likelihood'!$B$77:$D$77,0)) -> 0 | J30: ='Prior & Likelihood'!C8*INDEX('Prior & Likelihood'!$B$27:$D$27,MATCH($B30,'Prior & Likelihood'!$B$23:$D$23,0))*INDEX('Prior & Likelihood'!$B$45:$D$45,MATCH($C30,'Prior & Likelihood'!$B$41:$D$41,0))*INDEX('Prior & Likelihood'!$B$63:$C$63,MATCH($D30,'Prior & Likelihood'!$B$59:$C$59,0))*INDEX('Prior & Likelihood'!$B$81:$D$81,MATCH($E30,'Prior & Likelihood'!$B$77:$D$77,0)) -> 0.010696228 | K30: ='Prior & Likelihood'!C9*INDEX('Prior & Likelihood'!$B$28:$D$28,MATCH($B30,'Prior & Likelihood'!$B$23:$D$23,0))*INDEX('Prior & Likelihood'!$B$46:$D$46,MATCH($C30,'Prior & Likelihood'!$B$41:$D$41,0))*INDEX('Prior & Likelihood'!$B$64:$C$64,MATCH($D30,'Prior & Likelihood'!$B$59:$C$59,0))*INDEX('Prior & Likelihood'!$B$82:$D$82,MATCH($E30,'Prior & Likelihood'!$B$77:$D$77,0)) -> 0.011421288 | L30: =INDEX({"drugA","drugB","drugC","drugX","DrugY"},MATCH(MAX(G30:K30),G30:K30,0)) -> DrugY | M30: =IF(L30=F30,1,0) -> 1
A31: 27 | B31: ='Splitting Data'!B191 -> ADULT | C31: ='Splitting Data'!C191 -> LOW | D31: ='Splitting Data'!D191 -> HIGH | E31: ='Splitting Data'!E191 -> NORMAL | F31: ='Splitting Data'!F191 -> DrugY | G31: ='Prior & Likelihood'!C5*INDEX('Prior & Likelihood'!$B$24:$D$24,MATCH($B31,'Prior & Likelihood'!$B$23:$D$23,0))*INDEX('Prior & Likelihood'!$B$42:$D$42,MATCH($C31,'Prior & Likelihood'!$B$41:$D$41,0))*INDEX('Prior & Likelihood'!$B$60:$C$60,MATCH($D31,'Prior & Likelihood'!$B$59:$C$59,0))*INDEX('Prior & Likelihood'!$B$78:$D$78,MATCH($E31,'Prior & Likelihood'!$B$77:$D$77,0)) -> 0 | H31: ='Prior & Likelihood'!C6*INDEX('Prior & Likelihood'!$B$25:$D$25,MATCH($B31,'Prior & Likelihood'!$B$23:$D$23,0))*INDEX('Prior & Likelihood'!$B$43:$D$43,MATCH($C31,'Prior & Likelihood'!$B$41:$D$41,0))*INDEX('Prior & Likelihood'!$B$61:$C$61,MATCH($D31,'Prior & Likelihood'!$B$59:$C$59,0))*INDEX('Prior & Likelihood'!$B$79:$D$79,MATCH($E31,'Prior & Likelihood'!$B$77:$D$77,0)) -> 0 | I31: ='Prior & Likelihood'!C7*INDEX('Prior & Likelihood'!$B$26:$D$26,MATCH($B31,'Prior & Likelihood'!$B$23:$D$23,0))*INDEX('Prior & Likelihood'!$B$44:$D$44,MATCH($C31,'Prior & Likelihood'!$B$41:$D$41,0))*INDEX('Prior & Likelihood'!$B$62:$C$62,MATCH($D31,'Prior & Likelihood'!$B$59:$C$59,0))*INDEX('Prior & Likelihood'!$B$80:$D$80,MATCH($E31,'Prior & Likelihood'!$B$77:$D$77,0)) -> 0.012980769 | J31: ='Prior & Likelihood'!C8*INDEX('Prior & Likelihood'!$B$27:$D$27,MATCH($B31,'Prior & Likelihood'!$B$23:$D$23,0))*INDEX('Prior & Likelihood'!$B$45:$D$45,MATCH($C31,'Prior & Likelihood'!$B$41:$D$41,0))*INDEX('Prior & Likelihood'!$B$63:$C$63,MATCH($D31,'Prior & Likelihood'!$B$59:$C$59,0))*INDEX('Prior & Likelihood'!$B$81:$D$81,MATCH($E31,'Prior & Likelihood'!$B$77:$D$77,0)) -> 0.0051636963 | K31: ='Prior & Likelihood'!C9*INDEX('Prior & Likelihood'!$B$28:$D$28,MATCH($B31,'Prior & Likelihood'!$B$23:$D$23,0))*INDEX('Prior & Likelihood'!$B$46:$D$46,MATCH($C31,'Prior & Likelihood'!$B$41:$D$41,0))*INDEX('Prior & Likelihood'!$B$64:$C$64,MATCH($D31,'Prior & Likelihood'!$B$59:$C$59,0))*INDEX('Prior & Likelihood'!$B$82:$D$82,MATCH($E31,'Prior & Likelihood'!$B$77:$D$77,0)) -> 0.011421288 | L31: =INDEX({"drugA","drugB","drugC","drugX","DrugY"},MATCH(MAX(G31:K31),G31:K31,0)) -> drugC | M31: =IF(L31=F31,1,0) -> 0
A32: 28 | B32: ='Splitting Data'!B192 -> ADULT | C32: ='Splitting Data'!C192 -> HIGH | D32: ='Splitting Data'!D192 -> HIGH | E32: ='Splitting Data'!E192 -> HIGH | F32: ='Splitting Data'!F192 -> DrugY | G32: ='Prior & Likelihood'!C5*INDEX('Prior & Likelihood'!$B$24:$D$24,MATCH($B32,'Prior & Likelihood'!$B$23:$D$23,0))*INDEX('Prior & Likelihood'!$B$42:$D$42,MATCH($C32,'Prior & Likelihood'!$B$41:$D$41,0))*INDEX('Prior & Likelihood'!$B$60:$C$60,MATCH($D32,'Prior & Likelihood'!$B$59:$C$59,0))*INDEX('Prior & Likelihood'!$B$78:$D$78,MATCH($E32,'Prior & Likelihood'!$B$77:$D$77,0)) -> 0.0030864198 | H32: ='Prior & Likelihood'!C6*INDEX('Prior & Likelihood'!$B$25:$D$25,MATCH($B32,'Prior & Likelihood'!$B$23:$D$23,0))*INDEX('Prior & Likelihood'!$B$43:$D$43,MATCH($C32,'Prior & Likelihood'!$B$41:$D$41,0))*INDEX('Prior & Likelihood'!$B$61:$C$61,MATCH($D32,'Prior & Likelihood'!$B$59:$C$59,0))*INDEX('Prior & Likelihood'!$B$79:$D$79,MATCH($E32,'Prior & Likelihood'!$B$77:$D$77,0)) -> 0 | I32: ='Prior & Likelihood'!C7*INDEX('Prior & Likelihood'!$B$26:$D$26,MATCH($B32,'Prior & Likelihood'!$B$23:$D$23,0))*INDEX('Prior & Likelihood'!$B$44:$D$44,MATCH($C32,'Prior & Likelihood'!$B$41:$D$41,0))*INDEX('Prior & Likelihood'!$B$62:$C$62,MATCH($D32,'Prior & Likelihood'!$B$59:$C$59,0))*INDEX('Prior & Likelihood'!$B$80:$D$80,MATCH($E32,'Prior & Likelihood'!$B$77:$D$77,0)) -> 0 | J32: ='Prior & Likelihood'!C8*INDEX('Prior & Likelihood'!$B$27:$D$27,MATCH($B32,'Prior & Likelihood'!$B$23:$D$23,0))*INDEX('Prior & Likelihood'!$B$45:$D$45,MATCH($C32,'Prior & Likelihood'!$B$41:$D$41,0))*INDEX('Prior & Likelihood'!$B$63:$C$63,MATCH($D32,'Prior & Likelihood'!$B$59:$C$59,0))*INDEX('Prior & Likelihood'!$B$81:$D$81,MATCH($E32,'Prior & Likelihood'!$B$77:$D$77,0)) -> 0 | K32: ='Prior & Likelihood'!C9*INDEX('Prior & Likelihood'!$B$28:$D$28,MATCH($B32,'Prior & Likelihood'!$B$23:$D$23,0))*INDEX('Prior & Likelihood'!$B$46:$D$46,MATCH($C32,'Prior & Likelihood'!$B$41:$D$41,0))*INDEX('Prior & Likelihood'!$B$64:$C$64,MATCH($D32,'Prior & Likelihood'!$B$59:$C$59,0))*INDEX('Prior & Likelihood'!$B$82:$D$82,MATCH($E32,'Prior & Likelihood'!$B$77:$D$77,0)) -> 0.022842575 | L32: =INDEX({"drugA","drugB","drugC","drugX","DrugY"},MATCH(MAX(G32:K32),G32:K32,0)) -> DrugY | M32: =IF(L32=F32,1,0) -> 1
A33: 29 | B33: ='Splitting Data'!B193 -> ADULT | C33: ='Splitting Data'!C193 -> HIGH | D33: ='Splitting Data'!D193 -> NORMAL | E33: ='Splitting Data'!E193 -> NORMAL | F33: ='Splitting Data'!F193 -> DrugY | G33: ='Prior & Likelihood'!C5*INDEX('Prior & Likelihood'!$B$24:$D$24,MATCH($B33,'Prior & Likelihood'!$B$23:$D$23,0))*INDEX('Prior & Likelihood'!$B$42:$D$42,MATCH($C33,'Prior & Likelihood'!$B$41:$D$41,0))*INDEX('Prior & Likelihood'!$B$60:$C$60,MATCH($D33,'Prior & Likelihood'!$B$59:$C$59,0))*INDEX('Prior & Likelihood'!$B$78:$D$78,MATCH($E33,'Prior & Likelihood'!$B$77:$D$77,0)) -> 0.021219136 | H33: ='Prior & Likelihood'!C6*INDEX('Prior & Likelihood'!$B$25:$D$25,MATCH($B33,'Prior & Likelihood'!$B$23:$D$23,0))*INDEX('Prior & Likelihood'!$B$43:$D$43,MATCH($C33,'Prior & Likelihood'!$B$41:$D$41,0))*INDEX('Prior & Likelihood'!$B$61:$C$61,MATCH($D33,'Prior & Likelihood'!$B$59:$C$59,0))*INDEX('Prior & Likelihood'!$B$79:$D$79,MATCH($E33,'Prior & Likelihood'!$B$77:$D$77,0)) -> 0 | I33: ='Prior & Likelihood'!C7*INDEX('Prior & Likelihood'!$B$26:$D$26,MATCH($B33,'Prior & Likelihood'!$B$23:$D$23,0))*INDEX('Prior & Likelihood'!$B$44:$D$44,MATCH($C33,'Prior & Likelihood'!$B$41:$D$41,0))*INDEX('Prior & Likelihood'!$B$62:$C$62,MATCH($D33,'Prior & Likelihood'!$B$59:$C$59,0))*INDEX('Prior & Likelihood'!$B$80:$D$80,MATCH($E33,'Prior & Likelihood'!$B$77:$D$77,0)) -> 0 | J33: ='Prior & Likelihood'!C8*INDEX('Prior & Likelihood'!$B$27:$D$27,MATCH($B33,'Prior & Likelihood'!$B$23:$D$23,0))*INDEX('Prior & Likelihood'!$B$45:$D$45,MATCH($C33,'Prior & Likelihood'!$B$41:$D$41,0))*INDEX('Prior & Likelihood'!$B$63:$C$63,MATCH($D33,'Prior & Likelihood'!$B$59:$C$59,0))*INDEX('Prior & Likelihood'!$B$81:$D$81,MATCH($E33,'Prior & Likelihood'!$B$77:$D$77,0)) -> 0 | K33: ='Prior & Likelihood'!C9*INDEX('Prior & Likelihood'!$B$28:$D$28,MATCH($B33,'Prior & Likelihood'!$B$23:$D$23,0))*INDEX('Prior & Likelihood'!$B$46:$D$46,MATCH($C33,'Prior & Likelihood'!$B$41:$D$41,0))*INDEX('Prior & Likelihood'!$B$64:$C$64,MATCH($D33,'Prior & Likelihood'!$B$59:$C$59,0))*INDEX('Prior & Likelihood'!$B$82:$D$82,MATCH($E33,'Prior & Likelihood'!$B$77:$D$77,0)) -> 0.014698458 | L33: =INDEX({"drugA","drugB","drugC","drugX","DrugY"},MATCH(MAX(G33:K33),G33:K33,0)) -> drugA | M33: =IF(L33=F33,1,0) -> 0
A34: 30 | B34: ='Splitting Data'!B194 -> ADULT | C34: ='Splitting Data'!C194 -> NORMAL | D34: ='Splitting Data'!D194 -> HIGH | E34: ='Splitting Data'!E194 -> NORMAL | F34: ='Splitting Data'!F194 -> DrugY | G34: ='Prior & Likelihood'!C5*INDEX('Prior & Likelihood'!$B$24:$D$24,MATCH($B34,'Prior & Likelihood'!$B$23:$D$23,0))*INDEX('Prior & Likelihood'!$B$42:$D$42,MATCH($C34,'Prior & Likelihood'!$B$41:$D$41,0))*INDEX('Prior & Likelihood'!$B$60:$C$60,MATCH($D34,'Prior & Likelihood'!$B$59:$C$59,0))*INDEX('Prior & Likelihood'!$B$78:$D$78,MATCH($E34,'Prior & Likelihood'!$B$77:$D$77,0)) -> 0 | H34: ='Prior & Likelihood'!C6*INDEX('Prior & Likelihood'!$B$25:$D$25,MATCH($B34,'Prior & Likelihood'!$B$23:$D$23,0))*INDEX('Prior & Likelihood'!$B$43:$D$43,MATCH($C34,'Prior & Likelihood'!$B$41:$D$41,0))*INDEX('Prior & Likelihood'!$B$61:$C$61,MATCH($D34,'Prior & Likelihood'!$B$59:$C$59,0))*INDEX('Prior & Likelihood'!$B$79:$D$79,MATCH($E34,'Prior & Likelihood'!$B$77:$D$77,0)) -> 0 | I34: ='Prior & Likelihood'!C7*INDEX('Prior & Likelihood'!$B$26:$D$26,MATCH($B34,'Prior & Likelihood'!$B$23:$D$23,0))*INDEX('Prior & Likelihood'!$B$44:$D$44,MATCH($C34,'Prior & Likelihood'!$B$41:$D$41,0))*INDEX('Prior & Likelihood'!$B$62:$C$62,MATCH($D34,'Prior & Likelihood'!$B$59:$C$59,0))*INDEX('Prior & Likelihood'!$B$80:$D$80,MATCH($E34,'Prior & Likelihood'!$B$77:$D$77,0)) -> 0 | J34: ='Prior & Likelihood'!C8*INDEX('Prior & Likelihood'!$B$27:$D$27,MATCH($B34,'Prior & Likelihood'!$B$23:$D$23,0))*INDEX('Prior & Likelihood'!$B$45:$D$45,MATCH($C34,'Prior & Likelihood'!$B$41:$D$41,0))*INDEX('Prior & Likelihood'!$B$63:$C$63,MATCH($D34,'Prior & Likelihood'!$B$59:$C$59,0))*INDEX('Prior & Likelihood'!$B$81:$D$81,MATCH($E34,'Prior & Likelihood'!$B$77:$D$77,0)) -> 0.010696228 | K34: ='Prior & Likelihood'!C9*INDEX('Prior & Likelihood'!$B$28:$D$28,MATCH($B34,'Prior & Likelihood'!$B$23:$D$23,0))*INDEX('Prior & Likelihood'!$B$46:$D$46,MATCH($C34,'Prior & Likelihood'!$B$41:$D$41,0))*INDEX('Prior & Likelihood'!$B$64:$C$64,MATCH($D34,'Prior & Likelihood'!$B$59:$C$59,0))*INDEX('Prior & Likelihood'!$B$82:$D$82,MATCH($E34,'Prior & Likelihood'!$B$77:$D$77,0)) -> 0.011421288 | L34: =INDEX({"drugA","drugB","drugC","drugX","DrugY"},MATCH(MAX(G34:K34),G34:K34,0)) -> DrugY | M34: =IF(L34=F34,1,0) -> 1
A35: 31 | B35: ='Splitting Data'!B195 -> OLD | C35: ='Splitting Data'!C195 -> LOW | D35: ='Splitting Data'!D195 -> NORMAL | E35: ='Splitting Data'!E195 -> HIGH | F35: ='Splitting Data'!F195 -> DrugY | G35: ='Prior & Likelihood'!C5*INDEX('Prior & Likelihood'!$B$24:$D$24,MATCH($B35,'Prior & Likelihood'!$B$23:$D$23,0))*INDEX('Prior & Likelihood'!$B$42:$D$42,MATCH($C35,'Prior & Likelihood'!$B$41:$D$41,0))*INDEX('Prior & Likelihood'!$B$60:$C$60,MATCH($D35,'Prior & Likelihood'!$B$59:$C$59,0))*INDEX('Prior & Likelihood'!$B$78:$D$78,MATCH($E35,'Prior & Likelihood'!$B$77:$D$77,0)) -> 0 | H35: ='Prior & Likelihood'!C6*INDEX('Prior & Likelihood'!$B$25:$D$25,MATCH($B35,'Prior & Likelihood'!$B$23:$D$23,0))*INDEX('Prior & Likelihood'!$B$43:$D$43,MATCH($C35,'Prior & Likelihood'!$B$41:$D$41,0))*INDEX('Prior & Likelihood'!$B$61:$C$61,MATCH($D35,'Prior & Likelihood'!$B$59:$C$59,0))*INDEX('Prior & Likelihood'!$B$79:$D$79,MATCH($E35,'Prior & Likelihood'!$B$77:$D$77,0)) -> 0 | I35: ='Prior & Likelihood'!C7*INDEX('Prior & Likelihood'!$B$26:$D$26,MATCH($B35,'Prior & Likelihood'!$B$23:$D$23,0))*INDEX('Prior & Likelihood'!$B$44:$D$44,MATCH($C35,'Prior & Likelihood'!$B$41:$D$41,0))*INDEX('Prior & Likelihood'!$B$62:$C$62,MATCH($D35,'Prior & Likelihood'!$B$59:$C$59,0))*INDEX('Prior & Likelihood'!$B$80:$D$80,MATCH($E35,'Prior & Likelihood'!$B$77:$D$77,0)) -> 0 | J35: ='Prior & Likelihood'!C8*INDEX('Prior & Likelihood'!$B$27:$D$27,MATCH($B35,'Prior & Likelihood'!$B$23:$D$23,0))*INDEX('Prior & Likelihood'!$B$45:$D$45,MATCH($C35,'Prior & Likelihood'!$B$41:$D$41,0))*INDEX('Prior & Likelihood'!$B$63:$C$63,MATCH($D35,'Prior & Likelihood'!$B$59:$C$59,0))*INDEX('Prior & Likelihood'!$B$81:$D$81,MATCH($E35,'Prior & Likelihood'!$B$77:$D$77,0)) -> 0.0031475216 | K35: ='Prior & Likelihood'!C9*INDEX('Prior & Likelihood'!$B$28:$D$28,MATCH($B35,'Prior & Likelihood'!$B$23:$D$23,0))*INDEX('Prior & Likelihood'!$B$46:$D$46,MATCH($C35,'Prior & Likelihood'!$B$41:$D$41,0))*INDEX('Prior & Likelihood'!$B$64:$C$64,MATCH($D35,'Prior & Likelihood'!$B$59:$C$59,0))*INDEX('Prior & Likelihood'!$B$82:$D$82,MATCH($E35,'Prior & Likelihood'!$B$77:$D$77,0)) -> 0.015417321 | L35: =INDEX({"drugA","drugB","drugC","drugX","DrugY"},MATCH(MAX(G35:K35),G35:K35,0)) -> DrugY | M35: =IF(L35=F35,1,0) -> 1
A36: 32 | B36: ='Splitting Data'!B196 -> OLD | C36: ='Splitting Data'!C196 -> LOW | D36: ='Splitting Data'!D196 -> NORMAL | E36: ='Splitting Data'!E196 -> HIGH | F36: ='Splitting Data'!F196 -> DrugY | G36: ='Prior & Likelihood'!C5*INDEX('Prior & Likelihood'!$B$24:$D$24,MATCH($B36,'Prior & Likelihood'!$B$23:$D$23,0))*INDEX('Prior & Likelihood'!$B$42:$D$42,MATCH($C36,'Prior & Likelihood'!$B$41:$D$41,0))*INDEX('Prior & Likelihood'!$B$60:$C$60,MATCH($D36,'Prior & Likelihood'!$B$59:$C$59,0))*INDEX('Prior & Likelihood'!$B$78:$D$78,MATCH($E36,'Prior & Likelihood'!$B$77:$D$77,0)) -> 0 | H36: ='Prior & Likelihood'!C6*INDEX('Prior & Likelihood'!$B$25:$D$25,MATCH($B36,'Prior & Likelihood'!$B$23:$D$23,0))*INDEX('Prior & Likelihood'!$B$43:$D$43,MATCH($C36,'Prior & Likelihood'!$B$41:$D$41,0))*INDEX('Prior & Likelihood'!$B$61:$C$61,MATCH($D36,'Prior & Likelihood'!$B$59:$C$59,0))*INDEX('Prior & Likelihood'!$B$79:$D$79,MATCH($E36,'Prior & Likelihood'!$B$77:$D$77,0)) -> 0 | I36: ='Prior & Likelihood'!C7*INDEX('Prior & Likelihood'!$B$26:$D$26,MATCH($B36,'Prior & Likelihood'!$B$23:$D$23,0))*INDEX('Prior & Likelihood'!$B$44:$D$44,MATCH($C36,'Prior & Likelihood'!$B$41:$D$41,0))*INDEX('Prior & Likelihood'!$B$62:$C$62,MATCH($D36,'Prior & Likelihood'!$B$59:$C$59,0))*INDEX('Prior & Likelihood'!$B$80:$D$80,MATCH($E36,'Prior & Likelihood'!$B$77:$D$77,0)) -> 0 | J36: ='Prior & Likelihood'!C8*INDEX('Prior & Likelihood'!$B$27:$D$27,MATCH($B36,'Prior & Likelihood'!$B$23:$D$23,0))*INDEX('Prior & Likelihood'!$B$45:$D$45,MATCH($C36,'Prior & Likelihood'!$B$41:$D$41,0))*INDEX('Prior & Likelihood'!$B$63:$C$63,MATCH($D36,'Prior & Likelihood'!$B$59:$C$59,0))*INDEX('Prior & Likelihood'!$B$81:$D$81,MATCH($E36,'Prior & Likelihood'!$B$77:$D$77,0)) -> 0.0031475216 | K36: ='Prior & Likelihood'!C9*INDEX('Prior & Likelihood'!$B$28:$D$28,MATCH($B36,'Prior & Likelihood'!$B$23:$D$23,0))*INDEX('Prior & Likelihood'!$B$46:$D$46,MATCH($C36,'Prior & Likelihood'!$B$41:$D$41,0))*INDEX('Prior & Likelihood'!$B$64:$C$64,MATCH($D36,'Prior & Likelihood'!$B$59:$C$59,0))*INDEX('Prior & Likelihood'!$B$82:$D$82,MATCH($E36,'Prior & Likelihood'!$B$77:$D$77,0)) -> 0.015417321 | L36: =INDEX({"drugA","drugB","drugC","drugX","DrugY"},MATCH(MAX(G36:K36),G36:K36,0)) -> DrugY | M36: =IF(L36=F36,1,0) -> 1
A37: 33 | B37: ='Splitting Data'!B197 -> OLD | C37: ='Splitting Data'!C197 -> LOW | D37: ='Splitting Data'!D197 -> NORMAL | E37: ='Splitting Data'!E197 -> HIGH | F37: ='Splitting Data'!F197 -> DrugY | G37: ='Prior & Likelihood'!C5*INDEX('Prior & Likelihood'!$B$24:$D$24,MATCH($B37,'Prior & Likelihood'!$B$23:$D$23,0))*INDEX('Prior & Likelihood'!$B$42:$D$42,MATCH($C37,'Prior & Likelihood'!$B$41:$D$41,0))*INDEX('Prior & Likelihood'!$B$60:$C$60,MATCH($D37,'Prior & Likelihood'!$B$59:$C$59,0))*INDEX('Prior & Likelihood'!$B$78:$D$78,MATCH($E37,'Prior & Likelihood'!$B$77:$D$77,0)) -> 0 | H37: ='Prior & Likelihood'!C6*INDEX('Prior & Likelihood'!$B$25:$D$25,MATCH($B37,'Prior & Likelihood'!$B$23:$D$23,0))*INDEX('Prior & Likelihood'!$B$43:$D$43,MATCH($C37,'Prior & Likelihood'!$B$41:$D$41,0))*INDEX('Prior & Likelihood'!$B$61:$C$61,MATCH($D37,'Prior & Likelihood'!$B$59:$C$59,0))*INDEX('Prior & Likelihood'!$B$79:$D$79,MATCH($E37,'Prior & Likelihood'!$B$77:$D$77,0)) -> 0 | I37: ='Prior & Likelihood'!C7*INDEX('Prior & Likelihood'!$B$26:$D$26,MATCH($B37,'Prior & Likelihood'!$B$23:$D$23,0))*INDEX('Prior & Likelihood'!$B$44:$D$44,MATCH($C37,'Prior & Likelihood'!$B$41:$D$41,0))*INDEX('Prior & Likelihood'!$B$62:$C$62,MATCH($D37,'Prior & Likelihood'!$B$59:$C$59,0))*INDEX('Prior & Likelihood'!$B$80:$D$80,MATCH($E37,'Prior & Likelihood'!$B$77:$D$77,0)) -> 0 | J37: ='Prior & Likelihood'!C8*INDEX('Prior & Likelihood'!$B$27:$D$27,MATCH($B37,'Prior & Likelihood'!$B$23:$D$23,0))*INDEX('Prior & Likelihood'!$B$45:$D$45,MATCH($C37,'Prior & Likelihood'!$B$41:$D$41,0))*INDEX('Prior & Likelihood'!$B$63:$C$63,MATCH($D37,'Prior & Likelihood'!$B$59:$C$59,0))*INDEX('Prior & Likelihood'!$B$81:$D$81,MATCH($E37,'Prior & Likelihood'!$B$77:$D$77,0)) -> 0.0031475216 | K37: ='Prior & Likelihood'!C9*INDEX('Prior & Likelihood'!$B$28:$D$28,MATCH($B37,'Prior & Likelihood'!$B$23:$D$23,0))*INDEX('Prior & Likelihood'!$B$46:$D$46,MATCH($C37,'Prior & Likelihood'!$B$41:$D$41,0))*INDEX('Prior & Likelihood'!$B$64:$C$64,MATCH($D37,'Prior & Likelihood'!$B$59:$C$59,0))*INDEX('Prior & Likelihood'!$B$82:$D$82,MATCH($E37,'Prior & Likelihood'!$B$77:$D$77,0)) -> 0.015417321 | L37: =INDEX({"drugA","drugB","drugC","drugX","DrugY"},MATCH(MAX(G37:K37),G37:K37,0)) -> DrugY | M37: =IF(L37=F37,1,0) -> 1
A38: 34 | B38: ='Splitting Data'!B198 -> OLD | C38: ='Splitting Data'!C198 -> LOW | D38: ='Splitting Data'!D198 -> HIGH | E38: ='Splitting Data'!E198 -> HIGH | F38: ='Splitting Data'!F198 -> DrugY | G38: ='Prior & Likelihood'!C5*INDEX('Prior & Likelihood'!$B$24:$D$24,MATCH($B38,'Prior & Likelihood'!$B$23:$D$23,0))*INDEX('Prior & Likelihood'!$B$42:$D$42,MATCH($C38,'Prior & Likelihood'!$B$41:$D$41,0))*INDEX('Prior & Likelihood'!$B$60:$C$60,MATCH($D38,'Prior & Likelihood'!$B$59:$C$59,0))*INDEX('Prior & Likelihood'!$B$78:$D$78,MATCH($E38,'Prior & Likelihood'!$B$77:$D$77,0)) -> 0 | H38: ='Prior & Likelihood'!C6*INDEX('Prior & Likelihood'!$B$25:$D$25,MATCH($B38,'Prior & Likelihood'!$B$23:$D$23,0))*INDEX('Prior & Likelihood'!$B$43:$D$43,MATCH($C38,'Prior & Likelihood'!$B$41:$D$41,0))*INDEX('Prior & Likelihood'!$B$61:$C$61,MATCH($D38,'Prior & Likelihood'!$B$59:$C$59,0))*INDEX('Prior & Likelihood'!$B$79:$D$79,MATCH($E38,'Prior & Likelihood'!$B$77:$D$77,0)) -> 0 | I38: ='Prior & Likelihood'!C7*INDEX('Prior & Likelihood'!$B$26:$D$26,MATCH($B38,'Prior & Likelihood'!$B$23:$D$23,0))*INDEX('Prior & Likelihood'!$B$44:$D$44,MATCH($C38,'Prior & Likelihood'!$B$41:$D$41,0))*INDEX('Prior & Likelihood'!$B$62:$C$62,MATCH($D38,'Prior & Likelihood'!$B$59:$C$59,0))*INDEX('Prior & Likelihood'!$B$80:$D$80,MATCH($E38,'Prior & Likelihood'!$B$77:$D$77,0)) -> 0.0043269231 | J38: ='Prior & Likelihood'!C8*INDEX('Prior & Likelihood'!$B$27:$D$27,MATCH($B38,'Prior & Likelihood'!$B$23:$D$23,0))*INDEX('Prior & Likelihood'!$B$45:$D$45,MATCH($C38,'Prior & Likelihood'!$B$41:$D$41,0))*INDEX('Prior & Likelihood'!$B$63:$C$63,MATCH($D38,'Prior & Likelihood'!$B$59:$C$59,0))*INDEX('Prior & Likelihood'!$B$81:$D$81,MATCH($E38,'Prior & Likelihood'!$B$77:$D$77,0)) -> 0.0020579949 | K38: ='Prior & Likelihood'!C9*INDEX('Prior & Likelihood'!$B$28:$D$28,MATCH($B38,'Prior & Likelihood'!$B$23:$D$23,0))*INDEX('Prior & Likelihood'!$B$46:$D$46,MATCH($C38,'Prior & Likelihood'!$B$41:$D$41,0))*INDEX('Prior & Likelihood'!$B$64:$C$64,MATCH($D38,'Prior & Likelihood'!$B$59:$C$59,0))*INDEX('Prior & Likelihood'!$B$82:$D$82,MATCH($E38,'Prior & Likelihood'!$B$77:$D$77,0)) -> 0.017684574 | L38: =INDEX({"drugA","drugB","drugC","drugX","DrugY"},MATCH(MAX(G38:K38),G38:K38,0)) -> DrugY | M38: =IF(L38=F38,1,0) -> 1
A39: 35 | B39: ='Splitting Data'!B199 -> OLD | C39: ='Splitting Data'!C199 -> HIGH | D39: ='Splitting Data'!D199 -> HIGH | E39: ='Splitting Data'!E199 -> HIGH | F39: ='Splitting Data'!F199 -> DrugY | G39: ='Prior & Likelihood'!C5*INDEX('Prior & Likelihood'!$B$24:$D$24,MATCH($B39,'Prior & Likelihood'!$B$23:$D$23,0))*INDEX('Prior & Likelihood'!$B$42:$D$42,MATCH($C39,'Prior & Likelihood'!$B$41:$D$41,0))*INDEX('Prior & Likelihood'!$B$60:$C$60,MATCH($D39,'Prior & Likelihood'!$B$59:$C$59,0))*INDEX('Prior & Likelihood'!$B$78:$D$78,MATCH($E39,'Prior & Likelihood'!$B$77:$D$77,0)) -> 0.0015432099 | H39: ='Prior & Likelihood'!C6*INDEX('Prior & Likelihood'!$B$25:$D$25,MATCH($B39,'Prior & Likelihood'!$B$23:$D$23,0))*INDEX('Prior & Likelihood'!$B$43:$D$43,MATCH($C39,'Prior & Likelihood'!$B$41:$D$41,0))*INDEX('Prior & Likelihood'!$B$61:$C$61,MATCH($D39,'Prior & Likelihood'!$B$59:$C$59,0))*INDEX('Prior & Likelihood'!$B$79:$D$79,MATCH($E39,'Prior & Likelihood'!$B$77:$D$77,0)) -> 0.0028846154 | I39: ='Prior & Likelihood'!C7*INDEX('Prior & Likelihood'!$B$26:$D$26,MATCH($B39,'Prior & Likelihood'!$B$23:$D$23,0))*INDEX('Prior & Likelihood'!$B$44:$D$44,MATCH($C39,'Prior & Likelihood'!$B$41:$D$41,0))*INDEX('Prior & Likelihood'!$B$62:$C$62,MATCH($D39,'Prior & Likelihood'!$B$59:$C$59,0))*INDEX('Prior & Likelihood'!$B$80:$D$80,MATCH($E39,'Prior & Likelihood'!$B$77:$D$77,0)) -> 0 | J39: ='Prior & Likelihood'!C8*INDEX('Prior & Likelihood'!$B$27:$D$27,MATCH($B39,'Prior & Likelihood'!$B$23:$D$23,0))*INDEX('Prior & Likelihood'!$B$45:$D$45,MATCH($C39,'Prior & Likelihood'!$B$41:$D$41,0))*INDEX('Prior & Likelihood'!$B$63:$C$63,MATCH($D39,'Prior & Likelihood'!$B$59:$C$59,0))*INDEX('Prior & Likelihood'!$B$81:$D$81,MATCH($E39,'Prior & Likelihood'!$B$77:$D$77,0)) -> 0 | K39: ='Prior & Likelihood'!C9*INDEX('Prior & Likelihood'!$B$28:$D$28,MATCH($B39,'Prior & Likelihood'!$B$23:$D$23,0))*INDEX('Prior & Likelihood'!$B$46:$D$46,MATCH($C39,'Prior & Likelihood'!$B$41:$D$41,0))*INDEX('Prior & Likelihood'!$B$64:$C$64,MATCH($D39,'Prior & Likelihood'!$B$59:$C$59,0))*INDEX('Prior & Likelihood'!$B$82:$D$82,MATCH($E39,'Prior & Likelihood'!$B$77:$D$77,0)) -> 0.0261058 | L39: =INDEX({"drugA","drugB","drugC","drugX","DrugY"},MATCH(MAX(G39:K39),G39:K39,0)) -> DrugY | M39: =IF(L39=F39,1,0) -> 1
A40: 36 | B40: ='Splitting Data'!B200 -> OLD | C40: ='Splitting Data'!C200 -> LOW | D40: ='Splitting Data'!D200 -> HIGH | E40: ='Splitting Data'!E200 -> NORMAL | F40: ='Splitting Data'!F200 -> DrugY | G40: ='Prior & Likelihood'!C5*INDEX('Prior & Likelihood'!$B$24:$D$24,MATCH($B40,'Prior & Likelihood'!$B$23:$D$23,0))*INDEX('Prior & Likelihood'!$B$42:$D$42,MATCH($C40,'Prior & Likelihood'!$B$41:$D$41,0))*INDEX('Prior & Likelihood'!$B$60:$C$60,MATCH($D40,'Prior & Likelihood'!$B$59:$C$59,0))*INDEX('Prior & Likelihood'!$B$78:$D$78,MATCH($E40,'Prior & Likelihood'!$B$77:$D$77,0)) -> 0 | H40: ='Prior & Likelihood'!C6*INDEX('Prior & Likelihood'!$B$25:$D$25,MATCH($B40,'Prior & Likelihood'!$B$23:$D$23,0))*INDEX('Prior & Likelihood'!$B$43:$D$43,MATCH($C40,'Prior & Likelihood'!$B$41:$D$41,0))*INDEX('Prior & Likelihood'!$B$61:$C$61,MATCH($D40,'Prior & Likelihood'!$B$59:$C$59,0))*INDEX('Prior & Likelihood'!$B$79:$D$79,MATCH($E40,'Prior & Likelihood'!$B$77:$D$77,0)) -> 0 | I40: ='Prior & Likelihood'!C7*INDEX('Prior & Likelihood'!$B$26:$D$26,MATCH($B40,'Prior & Likelihood'!$B$23:$D$23,0))*INDEX('Prior & Likelihood'!$B$44:$D$44,MATCH($C40,'Prior & Likelihood'!$B$41:$D$41,0))*INDEX('Prior & Likelihood'!$B$62:$C$62,MATCH($D40,'Prior & Likelihood'!$B$59:$C$59,0))*INDEX('Prior & Likelihood'!$B$80:$D$80,MATCH($E40,'Prior & Likelihood'!$B$77:$D$77,0)) -> 0.038942308 | J40: ='Prior & Likelihood'!C8*INDEX('Prior & Likelihood'!$B$27:$D$27,MATCH($B40,'Prior & Likelihood'!$B$23:$D$23,0))*INDEX('Prior & Likelihood'!$B$45:$D$45,MATCH($C40,'Prior & Likelihood'!$B$41:$D$41,0))*INDEX('Prior & Likelihood'!$B$63:$C$63,MATCH($D40,'Prior & Likelihood'!$B$59:$C$59,0))*INDEX('Prior & Likelihood'!$B$81:$D$81,MATCH($E40,'Prior & Likelihood'!$B$77:$D$77,0)) -> 0.0094667765 | K40: ='Prior & Likelihood'!C9*INDEX('Prior & Likelihood'!$B$28:$D$28,MATCH($B40,'Prior & Likelihood'!$B$23:$D$23,0))*INDEX('Prior & Likelihood'!$B$46:$D$46,MATCH($C40,'Prior & Likelihood'!$B$41:$D$41,0))*INDEX('Prior & Likelihood'!$B$64:$C$64,MATCH($D40,'Prior & Likelihood'!$B$59:$C$59,0))*INDEX('Prior & Likelihood'!$B$82:$D$82,MATCH($E40,'Prior & Likelihood'!$B$77:$D$77,0)) -> 0.0130529 | L40: =INDEX({"drugA","drugB","drugC","drugX","DrugY"},MATCH(MAX(G40:K40),G40:K40,0)) -> drugC | M40: =IF(L40=F40,1,0) -> 0
A41: 37 | B41: ='Splitting Data'!B201 -> OLD | C41: ='Splitting Data'!C201 -> LOW | D41: ='Splitting Data'!D201 -> NORMAL | E41: ='Splitting Data'!E201 -> HIGH | F41: ='Splitting Data'!F201 -> DrugY | G41: ='Prior & Likelihood'!C5*INDEX('Prior & Likelihood'!$B$24:$D$24,MATCH($B41,'Prior & Likelihood'!$B$23:$D$23,0))*INDEX('Prior & Likelihood'!$B$42:$D$42,MATCH($C41,'Prior & Likelihood'!$B$41:$D$41,0))*INDEX('Prior & Likelihood'!$B$60:$C$60,MATCH($D41,'Prior & Likelihood'!$B$59:$C$59,0))*INDEX('Prior & Likelihood'!$B$78:$D$78,MATCH($E41,'Prior & Likelihood'!$B$77:$D$77,0)) -> 0 | H41: ='Prior & Likelihood'!C6*INDEX('Prior & Likelihood'!$B$25:$D$25,MATCH($B41,'Prior & Likelihood'!$B$23:$D$23,0))*INDEX('Prior & Likelihood'!$B$43:$D$43,MATCH($C41,'Prior & Likelihood'!$B$41:$D$41,0))*INDEX('Prior & Likelihood'!$B$61:$C$61,MATCH($D41,'Prior & Likelihood'!$B$59:$C$59,0))*INDEX('Prior & Likelihood'!$B$79:$D$79,MATCH($E41,'Prior & Likelihood'!$B$77:$D$77,0)) -> 0 | I41: ='Prior & Likelihood'!C7*INDEX('Prior & Likelihood'!$B$26:$D$26,MATCH($B41,'Prior & Likelihood'!$B$23:$D$23,0))*INDEX('Prior & Likelihood'!$B$44:$D$44,MATCH($C41,'Prior & Likelihood'!$B$41:$D$41,0))*INDEX('Prior & Likelihood'!$B$62:$C$62,MATCH($D41,'Prior & Likelihood'!$B$59:$C$59,0))*INDEX('Prior & Likelihood'!$B$80:$D$80,MATCH($E41,'Prior & Likelihood'!$B$77:$D$77,0)) -> 0 | J41: ='Prior & Likelihood'!C8*INDEX('Prior & Likelihood'!$B$27:$D$27,MATCH($B41,'Prior & Likelihood'!$B$23:$D$23,0))*INDEX('Prior & Likelihood'!$B$45:$D$45,MATCH($C41,'Prior & Likelihood'!$B$41:$D$41,0))*INDEX('Prior & Likelihood'!$B$63:$C$63,MATCH($D41,'Prior & Likelihood'!$B$59:$C$59,0))*INDEX('Prior & Likelihood'!$B$81:$D$81,MATCH($E41,'Prior & Likelihood'!$B$77:$D$77,0)) -> 0.0031475216 | K41: ='Prior & Likelihood'!C9*INDEX('Prior & Likelihood'!$B$28:$D$28,MATCH($B41,'Prior & Likelihood'!$B$23:$D$23,0))*INDEX('Prior & Likelihood'!$B$46:$D$46,MATCH($C41,'Prior & Likelihood'!$B$41:$D$41,0))*INDEX('Prior & Likelihood'!$B$64:$C$64,MATCH($D41,'Prior & Likelihood'!$B$59:$C$59,0))*INDEX('Prior & Likelihood'!$B$82:$D$82,MATCH($E41,'Prior & Likelihood'!$B$77:$D$77,0)) -> 0.015417321 | L41: =INDEX({"drugA","drugB","drugC","drugX","DrugY"},MATCH(MAX(G41:K41),G41:K41,0)) -> DrugY | M41: =IF(L41=F41,1,0) -> 1
A42: 38 | B42: ='Splitting Data'!B202 -> OLD | C42: ='Splitting Data'!C202 -> HIGH | D42: ='Splitting Data'!D202 -> NORMAL | E42: ='Splitting Data'!E202 -> HIGH | F42: ='Splitting Data'!F202 -> DrugY | G42: ='Prior & Likelihood'!C5*INDEX('Prior & Likelihood'!$B$24:$D$24,MATCH($B42,'Prior & Likelihood'!$B$23:$D$23,0))*INDEX('Prior & Likelihood'!$B$42:$D$42,MATCH($C42,'Prior & Likelihood'!$B$41:$D$41,0))*INDEX('Prior & Likelihood'!$B$60:$C$60,MATCH($D42,'Prior & Likelihood'!$B$59:$C$59,0))*INDEX('Prior & Likelihood'!$B$78:$D$78,MATCH($E42,'Prior & Likelihood'!$B$77:$D$77,0)) -> 0.0019290123 | H42: ='Prior & Likelihood'!C6*INDEX('Prior & Likelihood'!$B$25:$D$25,MATCH($B42,'Prior & Likelihood'!$B$23:$D$23,0))*INDEX('Prior & Likelihood'!$B$43:$D$43,MATCH($C42,'Prior & Likelihood'!$B$41:$D$41,0))*INDEX('Prior & Likelihood'!$B$61:$C$61,MATCH($D42,'Prior & Likelihood'!$B$59:$C$59,0))*INDEX('Prior & Likelihood'!$B$79:$D$79,MATCH($E42,'Prior & Likelihood'!$B$77:$D$77,0)) -> 0.0033653846 | I42: ='Prior & Likelihood'!C7*INDEX('Prior & Likelihood'!$B$26:$D$26,MATCH($B42,'Prior & Likelihood'!$B$23:$D$23,0))*INDEX('Prior & Likelihood'!$B$44:$D$44,MATCH($C42,'Prior & Likelihood'!$B$41:$D$41,0))*INDEX('Prior & Likelihood'!$B$62:$C$62,MATCH($D42,'Prior & Likelihood'!$B$59:$C$59,0))*INDEX('Prior & Likelihood'!$B$80:$D$80,MATCH($E42,'Prior & Likelihood'!$B$77:$D$77,0)) -> 0 | J42: ='Prior & Likelihood'!C8*INDEX('Prior & Likelihood'!$B$27:$D$27,MATCH($B42,'Prior & Likelihood'!$B$23:$D$23,0))*INDEX('Prior & Likelihood'!$B$45:$D$45,MATCH($C42,'Prior & Likelihood'!$B$41:$D$41,0))*INDEX('Prior & Likelihood'!$B$63:$C$63,MATCH($D42,'Prior & Likelihood'!$B$59:$C$59,0))*INDEX('Prior & Likelihood'!$B$81:$D$81,MATCH($E42,'Prior & Likelihood'!$B$77:$D$77,0)) -> 0 | K42: ='Prior & Likelihood'!C9*INDEX('Prior & Likelihood'!$B$28:$D$28,MATCH($B42,'Prior & Likelihood'!$B$23:$D$23,0))*INDEX('Prior & Likelihood'!$B$46:$D$46,MATCH($C42,'Prior & Likelihood'!$B$41:$D$41,0))*INDEX('Prior & Likelihood'!$B$64:$C$64,MATCH($D42,'Prior & Likelihood'!$B$59:$C$59,0))*INDEX('Prior & Likelihood'!$B$82:$D$82,MATCH($E42,'Prior & Likelihood'!$B$77:$D$77,0)) -> 0.022758903 | L42: =INDEX({"drugA","drugB","drugC","drugX","DrugY"},MATCH(MAX(G42:K42),G42:K42,0)) -> DrugY | M42: =IF(L42=F42,1,0) -> 1
A43: 39 | B43: ='Splitting Data'!B203 -> OLD | C43: ='Splitting Data'!C203 -> LOW | D43: ='Splitting Data'!D203 -> NORMAL | E43: ='Splitting Data'!E203 -> HIGH | F43: ='Splitting Data'!F203 -> DrugY | G43: ='Prior & Likelihood'!C5*INDEX('Prior & Likelihood'!$B$24:$D$24,MATCH($B43,'Prior & Likelihood'!$B$23:$D$23,0))*INDEX('Prior & Likelihood'!$B$42:$D$42,MATCH($C43,'Prior & Likelihood'!$B$41:$D$41,0))*INDEX('Prior & Likelihood'!$B$60:$C$60,MATCH($D43,'Prior & Likelihood'!$B$59:$C$59,0))*INDEX('Prior & Likelihood'!$B$78:$D$78,MATCH($E43,'Prior & Likelihood'!$B$77:$D$77,0)) -> 0 | H43: ='Prior & Likelihood'!C6*INDEX('Prior & Likelihood'!$B$25:$D$25,MATCH($B43,'Prior & Likelihood'!$B$23:$D$23,0))*INDEX('Prior & Likelihood'!$B$43:$D$43,MATCH($C43,'Prior & Likelihood'!$B$41:$D$41,0))*INDEX('Prior & Likelihood'!$B$61:$C$61,MATCH($D43,'Prior & Likelihood'!$B$59:$C$59,0))*INDEX('Prior & Likelihood'!$B$79:$D$79,MATCH($E43,'Prior & Likelihood'!$B$77:$D$77,0)) -> 0 | I43: ='Prior & Likelihood'!C7*INDEX('Prior & Likelihood'!$B$26:$D$26,MATCH($B43,'Prior & Likelihood'!$B$23:$D$23,0))*INDEX('Prior & Likelihood'!$B$44:$D$44,MATCH($C43,'Prior & Likelihood'!$B$41:$D$41,0))*INDEX('Prior & Likelihood'!$B$62:$C$62,MATCH($D43,'Prior & Likelihood'!$B$59:$C$59,0))*INDEX('Prior & Likelihood'!$B$80:$D$80,MATCH($E43,'Prior & Likelihood'!$B$77:$D$77,0)) -> 0 | J43: ='Prior & Likelihood'!C8*INDEX('Prior & Likelihood'!$B$27:$D$27,MATCH($B43,'Prior & Likelihood'!$B$23:$D$23,0))*INDEX('Prior & Likelihood'!$B$45:$D$45,MATCH($C43,'Prior & Likelihood'!$B$41:$D$41,0))*INDEX('Prior & Likelihood'!$B$63:$C$63,MATCH($D43,'Prior & Likelihood'!$B$59:$C$59,0))*INDEX('Prior & Likelihood'!$B$81:$D$81,MATCH($E43,'Prior & Likelihood'!$B$77:$D$77,0)) -> 0.0031475216 | K43: ='Prior & Likelihood'!C9*INDEX('Prior & Likelihood'!$B$28:$D$28,MATCH($B43,'Prior & Likelihood'!$B$23:$D$23,0))*INDEX('Prior & Likelihood'!$B$46:$D$46,MATCH($C43,'Prior & Likelihood'!$B$41:$D$41,0))*INDEX('Prior & Likelihood'!$B$64:$C$64,MATCH($D43,'Prior & Likelihood'!$B$59:$C$59,0))*INDEX('Prior & Likelihood'!$B$82:$D$82,MATCH($E43,'Prior & Likelihood'!$B$77:$D$77,0)) -> 0.015417321 | L43: =INDEX({"drugA","drugB","drugC","drugX","DrugY"},MATCH(MAX(G43:K43),G43:K43,0)) -> DrugY | M43: =IF(L43=F43,1,0) -> 1
A44: 40 | B44: ='Splitting Data'!B204 -> OLD | C44: ='Splitting Data'!C204 -> LOW | D44: ='Splitting Data'!D204 -> HIGH | E44: ='Splitting Data'!E204 -> NORMAL | F44: ='Splitting Data'!F204 -> DrugY | G44: ='Prior & Likelihood'!C5*INDEX('Prior & Likelihood'!$B$24:$D$24,MATCH($B44,'Prior & Likelihood'!$B$23:$D$23,0))*INDEX('Prior & Likelihood'!$B$42:$D$42,MATCH($C44,'Prior & Likelihood'!$B$41:$D$41,0))*INDEX('Prior & Likelihood'!$B$60:$C$60,MATCH($D44,'Prior & Likelihood'!$B$59:$C$59,0))*INDEX('Prior & Likelihood'!$B$78:$D$78,MATCH($E44,'Prior & Likelihood'!$B$77:$D$77,0)) -> 0 | H44: ='Prior & Likelihood'!C6*INDEX('Prior & Likelihood'!$B$25:$D$25,MATCH($B44,'Prior & Likelihood'!$B$23:$D$23,0))*INDEX('Prior & Likelihood'!$B$43:$D$43,MATCH($C44,'Prior & Likelihood'!$B$41:$D$41,0))*INDEX('Prior & Likelihood'!$B$61:$C$61,MATCH($D44,'Prior & Likelihood'!$B$59:$C$59,0))*INDEX('Prior & Likelihood'!$B$79:$D$79,MATCH($E44,'Prior & Likelihood'!$B$77:$D$77,0)) -> 0 | I44: ='Prior & Likelihood'!C7*INDEX('Prior & Likelihood'!$B$26:$D$26,MATCH($B44,'Prior & Likelihood'!$B$23:$D$23,0))*INDEX('Prior & Likelihood'!$B$44:$D$44,MATCH($C44,'Prior & Likelihood'!$B$41:$D$41,0))*INDEX('Prior & Likelihood'!$B$62:$C$62,MATCH($D44,'Prior & Likelihood'!$B$59:$C$59,0))*INDEX('Prior & Likelihood'!$B$80:$D$80,MATCH($E44,'Prior & Likelihood'!$B$77:$D$77,0)) -> 0.038942308 | J44: ='Prior & Likelihood'!C8*INDEX('Prior & Likelihood'!$B$27:$D$27,MATCH($B44,'Prior & Likelihood'!$B$23:$D$23,0))*INDEX('Prior & Likelihood'!$B$45:$D$45,MATCH($C44,'Prior & Likelihood'!$B$41:$D$41,0))*INDEX('Prior & Likelihood'!$B$63:$C$63,MATCH($D44,'Prior & Likelihood'!$B$59:$C$59,0))*INDEX('Prior & Likelihood'!$B$81:$D$81,MATCH($E44,'Prior & Likelihood'!$B$77:$D$77,0)) -> 0.0094667765 | K44: ='Prior & Likelihood'!C9*INDEX('Prior & Likelihood'!$B$28:$D$28,MATCH($B44,'Prior & Likelihood'!$B$23:$D$23,0))*INDEX('Prior & Likelihood'!$B$46:$D$46,MATCH($C44,'Prior & Likelihood'!$B$41:$D$41,0))*INDEX('Prior & Likelihood'!$B$64:$C$64,MATCH($D44,'Prior & Likelihood'!$B$59:$C$59,0))*INDEX('Prior & Likelihood'!$B$82:$D$82,MATCH($E44,'Prior & Likelihood'!$B$77:$D$77,0)) -> 0.0130529 | L44: =INDEX({"drugA","drugB","drugC","drugX","DrugY"},MATCH(MAX(G44:K44),G44:K44,0)) -> drugC | M44: =IF(L44=F44,1,0) -> 0
A46: Jumlah Benar | B46: =SUM(M5:M44) -> 28
A47: Jumlah Data Test | B47: 40
A48: AKURASI | B48: =B46/B47 -> 0.7

Sheet Ringkasan
A1: RINGKASAN HASIL - NAIVE BAYES DRUG200
A3: Jumlah Data Train | B3: 160
A4: Jumlah Data Test | B4: 40
A5: Jumlah Prediksi Benar | B5: =SUM('Prediksi & Evaluasi'!M5:M44) -> 28
A6: AKURASI MODEL | B6: =B5/B4 -> 0.7
A9: CONFUSION MATRIX (Baris = Aktual, Kolom = Prediksi)
A10: Aktual \ Prediksi | B10: drugA | C10: drugB | D10: drugC | E10: drugX | F10: DrugY | G10: Total
A11: drugA | B11: =COUNTIFS('Prediksi & Evaluasi'!$F$5:$F$44,$A11,'Prediksi & Evaluasi'!$L$5:$L$44,B$10) -> 3 | C11: =COUNTIFS('Prediksi & Evaluasi'!$F$5:$F$44,$A11,'Prediksi & Evaluasi'!$L$5:$L$44,C$10) -> 1 | D11: =COUNTIFS('Prediksi & Evaluasi'!$F$5:$F$44,$A11,'Prediksi & Evaluasi'!$L$5:$L$44,D$10) -> 0 | E11: =COUNTIFS('Prediksi & Evaluasi'!$F$5:$F$44,$A11,'Prediksi & Evaluasi'!$L$5:$L$44,E$10) -> 0 | F11: =COUNTIFS('Prediksi & Evaluasi'!$F$5:$F$44,$A11,'Prediksi & Evaluasi'!$L$5:$L$44,F$10) -> 1 | G11: =SUM(B11:F11) -> 5
A12: drugB | B12: =COUNTIFS('Prediksi & Evaluasi'!$F$5:$F$44,$A12,'Prediksi & Evaluasi'!$L$5:$L$44,B$10) -> 0 | C12: =COUNTIFS('Prediksi & Evaluasi'!$F$5:$F$44,$A12,'Prediksi & Evaluasi'!$L$5:$L$44,C$10) -> 3 | D12: =COUNTIFS('Prediksi & Evaluasi'!$F$5:$F$44,$A12,'Prediksi & Evaluasi'!$L$5:$L$44,D$10) -> 0 | E12: =COUNTIFS('Prediksi & Evaluasi'!$F$5:$F$44,$A12,'Prediksi & Evaluasi'!$L$5:$L$44,E$10) -> 0 | F12: =COUNTIFS('Prediksi & Evaluasi'!$F$5:$F$44,$A12,'Prediksi & Evaluasi'!$L$5:$L$44,F$10) -> 0 | G12: =SUM(B12:F12) -> 3
A13: drugC | B13: =COUNTIFS('Prediksi & Evaluasi'!$F$5:$F$44,$A13,'Prediksi & Evaluasi'!$L$5:$L$44,B$10) -> 0 | C13: =COUNTIFS('Prediksi & Evaluasi'!$F$5:$F$44,$A13,'Prediksi & Evaluasi'!$L$5:$L$44,C$10) -> 0 | D13: =COUNTIFS('Prediksi & Evaluasi'!$F$5:$F$44,$A13,'Prediksi & Evaluasi'!$L$5:$L$44,D$10) -> 1 | E13: =COUNTIFS('Prediksi & Evaluasi'!$F$5:$F$44,$A13,'Prediksi & Evaluasi'!$L$5:$L$44,E$10) -> 1 | F13: =COUNTIFS('Prediksi & Evaluasi'!$F$5:$F$44,$A13,'Prediksi & Evaluasi'!$L$5:$L$44,F$10) -> 1 | G13: =SUM(B13:F13) -> 3
A14: drugX | B14: =COUNTIFS('Prediksi & Evaluasi'!$F$5:$F$44,$A14,'Prediksi & Evaluasi'!$L$5:$L$44,B$10) -> 0 | C14: =COUNTIFS('Prediksi & Evaluasi'!$F$5:$F$44,$A14,'Prediksi & Evaluasi'!$L$5:$L$44,C$10) -> 0 | D14: =COUNTIFS('Prediksi & Evaluasi'!$F$5:$F$44,$A14,'Prediksi & Evaluasi'!$L$5:$L$44,D$10) -> 0 | E14: =COUNTIFS('Prediksi & Evaluasi'!$F$5:$F$44,$A14,'Prediksi & Evaluasi'!$L$5:$L$44,E$10) -> 7 | F14: =COUNTIFS('Prediksi & Evaluasi'!$F$5:$F$44,$A14,'Prediksi & Evaluasi'!$L$5:$L$44,F$10) -> 4 | G14: =SUM(B14:F14) -> 11
A15: DrugY | B15: =COUNTIFS('Prediksi & Evaluasi'!$F$5:$F$44,$A15,'Prediksi & Evaluasi'!$L$5:$L$44,B$10) -> 1 | C15: =COUNTIFS('Prediksi & Evaluasi'!$F$5:$F$44,$A15,'Prediksi & Evaluasi'!$L$5:$L$44,C$10) -> 0 | D15: =COUNTIFS('Prediksi & Evaluasi'!$F$5:$F$44,$A15,'Prediksi & Evaluasi'!$L$5:$L$44,D$10) -> 3 | E15: =COUNTIFS('Prediksi & Evaluasi'!$F$5:$F$44,$A15,'Prediksi & Evaluasi'!$L$5:$L$44,E$10) -> 0 | F15: =COUNTIFS('Prediksi & Evaluasi'!$F$5:$F$44,$A15,'Prediksi & Evaluasi'!$L$5:$L$44,F$10) -> 14 | G15: =SUM(B15:F15) -> 18
A16: Total | B16: =SUM(B11:B15) -> 4 | C16: =SUM(C11:C15) -> 4 | D16: =SUM(D11:D15) -> 4 | E16: =SUM(E11:E15) -> 8 | F16: =SUM(F11:F15) -> 20 | G16: =SUM(G11:G15) -> 40
A18: Catatan: diagonal (drugA-drugA, drugB-drugB, dst) = prediksi benar; di luar diagonal = kesalahan klasifikasi.

Sheet Class Weight
A1: CLASS WEIGHT - NAIVE BAYES (MENANGANI IMBALANCE KELAS)
A2: Class weight = pembobotan tiap kelas berbanding terbalik dengan jumlah data train-nya (skema "balanced", seperti pada scikit-learn), agar kelas minoritas tidak "tertindas" kelas mayoritas saat kalah bersaing pada skor posterior Naive Bayes. Skor posterior asli dari sheet Prediksi & Evaluasi dikalikan dengan class weight masing-masing kelas, lalu prediksi dipilih ulang dari skor terbobot ini.
A4: 1. TABEL CLASS WEIGHT (BALANCED)
A5: Kelas | B5: Jumlah (Train) | C5: Proporsi | D5: Class Weight
A6: ='Prior & Likelihood'!A5 -> drugA | B6: ='Prior & Likelihood'!B5 -> 18 | C6: =B6/'Prior & Likelihood'!$B$10 -> 0.1125 | D6: ='Prior & Likelihood'!$B$10/(5*B6) -> 1.7777778
A7: ='Prior & Likelihood'!A6 -> drugB | B7: ='Prior & Likelihood'!B6 -> 13 | C7: =B7/'Prior & Likelihood'!$B$10 -> 0.08125 | D7: ='Prior & Likelihood'!$B$10/(5*B7) -> 2.4615385
A8: ='Prior & Likelihood'!A7 -> drugC | B8: ='Prior & Likelihood'!B7 -> 13 | C8: =B8/'Prior & Likelihood'!$B$10 -> 0.08125 | D8: ='Prior & Likelihood'!$B$10/(5*B8) -> 2.4615385
A9: ='Prior & Likelihood'!A8 -> drugX | B9: ='Prior & Likelihood'!B8 -> 43 | C9: =B9/'Prior & Likelihood'!$B$10 -> 0.26875 | D9: ='Prior & Likelihood'!$B$10/(5*B9) -> 0.74418605
A10: ='Prior & Likelihood'!A9 -> DrugY | B10: ='Prior & Likelihood'!B9 -> 73 | C10: =B10/'Prior & Likelihood'!$B$10 -> 0.45625 | D10: ='Prior & Likelihood'!$B$10/(5*B10) -> 0.43835616
A11: Total | B11: =SUM(B6:B10) -> 160 | C11: =SUM(C6:C10) -> 1
A13: Rumus: Class Weight kelas c = Total Data Train / (Jumlah Kelas x Jumlah Data Train kelas c). Kelas dengan data lebih sedikit otomatis mendapat bobot lebih besar (>1), kelas dominan mendapat bobot <1.
A16: 2. PREDIKSI DENGAN CLASS WEIGHT PADA 40 DATA TEST
A17: Skor Weighted = Skor Posterior asli (sheet Prediksi & Evaluasi, kolom Skor) x Class Weight kelas yang bersangkutan (tabel di atas). Prediksi Weighted = kelas dengan Skor Weighted tertinggi.
A19: No | B19: ClassDrug (Aktual) | C19: Prediksi Awal | D19: Benar Awal | E19: Skor-W drugA | F19: Skor-W drugB | G19: Skor-W drugC | H19: Skor-W drugX | I19: Skor-W DrugY | J19: Prediksi Weighted | K19: Benar Weighted
A20: 1 | B20: ='Prediksi & Evaluasi'!F5 -> drugA | C20: ='Prediksi & Evaluasi'!L5 -> DrugY | D20: ='Prediksi & Evaluasi'!M5 -> 0 | E20: ='Prediksi & Evaluasi'!G5*$D$6 -> 0.0090534979 | F20: ='Prediksi & Evaluasi'!H5*$D$7 -> 0 | G20: ='Prediksi & Evaluasi'!I5*$D$8 -> 0 | H20: ='Prediksi & Evaluasi'!J5*$D$9 -> 0 | I20: ='Prediksi & Evaluasi'!K5*$D$10 -> 0.0034313886 | J20: =INDEX({"drugA","drugB","drugC","drugX","DrugY"},MATCH(MAX(E20:I20),E20:I20,0)) -> drugA | K20: =IF(J20=B20,1,0) -> 1
A21: 2 | B21: ='Prediksi & Evaluasi'!F6 -> drugA | C21: ='Prediksi & Evaluasi'!L6 -> drugA | D21: ='Prediksi & Evaluasi'!M6 -> 1 | E21: ='Prediksi & Evaluasi'!G6*$D$6 -> 0.037722908 | F21: ='Prediksi & Evaluasi'!H6*$D$7 -> 0 | G21: ='Prediksi & Evaluasi'!I6*$D$8 -> 0 | H21: ='Prediksi & Evaluasi'!J6*$D$9 -> 0 | I21: ='Prediksi & Evaluasi'!K6*$D$10 -> 0.0064431596 | J21: =INDEX({"drugA","drugB","drugC","drugX","DrugY"},MATCH(MAX(E21:I21),E21:I21,0)) -> drugA | K21: =IF(J21=B21,1,0) -> 1
A22: 3 | B22: ='Prediksi & Evaluasi'!F7 -> drugA | C22: ='Prediksi & Evaluasi'!L7 -> drugA | D22: ='Prediksi & Evaluasi'!M7 -> 1 | E22: ='Prediksi & Evaluasi'!G7*$D$6 -> 0.030178326 | F22: ='Prediksi & Evaluasi'!H7*$D$7 -> 0 | G22: ='Prediksi & Evaluasi'!I7*$D$8 -> 0 | H22: ='Prediksi & Evaluasi'!J7*$D$9 -> 0 | I22: ='Prediksi & Evaluasi'!K7*$D$10 -> 0.0073906831 | J22: =INDEX({"drugA","drugB","drugC","drugX","DrugY"},MATCH(MAX(E22:I22),E22:I22,0)) -> drugA | K22: =IF(J22=B22,1,0) -> 1
A23: 4 | B23: ='Prediksi & Evaluasi'!F8 -> drugA | C23: ='Prediksi & Evaluasi'!L8 -> drugA | D23: ='Prediksi & Evaluasi'!M8 -> 1 | E23: ='Prediksi & Evaluasi'!G8*$D$6 -> 0.030178326 | F23: ='Prediksi & Evaluasi'!H8*$D$7 -> 0 | G23: ='Prediksi & Evaluasi'!I8*$D$8 -> 0 | H23: ='Prediksi & Evaluasi'!J8*$D$9 -> 0 | I23: ='Prediksi & Evaluasi'!K8*$D$10 -> 0.0073906831 | J23: =INDEX({"drugA","drugB","drugC","drugX","DrugY"},MATCH(MAX(E23:I23),E23:I23,0)) -> drugA | K23: =IF(J23=B23,1,0) -> 1
A24: 5 | B24: ='Prediksi & Evaluasi'!F9 -> drugA | C24: ='Prediksi & Evaluasi'!L9 -> drugB | D24: ='Prediksi & Evaluasi'!M9 -> 0 | E24: ='Prediksi & Evaluasi'!G9*$D$6 -> 0.015089163 | F24: ='Prediksi & Evaluasi'!H9*$D$7 -> 0.063905325 | G24: ='Prediksi & Evaluasi'!I9*$D$8 -> 0 | H24: ='Prediksi & Evaluasi'!J9*$D$9 -> 0 | I24: ='Prediksi & Evaluasi'!K9*$D$10 -> 0.008446495 | J24: =INDEX({"drugA","drugB","drugC","drugX","DrugY"},MATCH(MAX(E24:I24),E24:I24,0)) -> drugB | K24: =IF(J24=B24,1,0) -> 0
A25: 6 | B25: ='Prediksi & Evaluasi'!F10 -> drugB | C25: ='Prediksi & Evaluasi'!L10 -> drugB | D25: ='Prediksi & Evaluasi'!M10 -> 1 | E25: ='Prediksi & Evaluasi'!G10*$D$6 -> 0.0085733882 | F25: ='Prediksi & Evaluasi'!H10*$D$7 -> 0.024852071 | G25: ='Prediksi & Evaluasi'!I10*$D$8 -> 0 | H25: ='Prediksi & Evaluasi'!J10*$D$9 -> 0 | I25: ='Prediksi & Evaluasi'!K10*$D$10 -> 0 | J25: =INDEX({"drugA","drugB","drugC","drugX","DrugY"},MATCH(MAX(E25:I25),E25:I25,0)) -> drugB | K25: =IF(J25=B25,1,0) -> 1
A26: 7 | B26: ='Prediksi & Evaluasi'!F11 -> drugB | C26: ='Prediksi & Evaluasi'!L11 -> drugB | D26: ='Prediksi & Evaluasi'!M11 -> 1 | E26: ='Prediksi & Evaluasi'!G11*$D$6 -> 0.015089163 | F26: ='Prediksi & Evaluasi'!H11*$D$7 -> 0.063905325 | G26: ='Prediksi & Evaluasi'!I11*$D$8 -> 0 | H26: ='Prediksi & Evaluasi'!J11*$D$9 -> 0 | I26: ='Prediksi & Evaluasi'!K11*$D$10 -> 0.008446495 | J26: =INDEX({"drugA","drugB","drugC","drugX","DrugY"},MATCH(MAX(E26:I26),E26:I26,0)) -> drugB | K26: =IF(J26=B26,1,0) -> 1
A27: 8 | B27: ='Prediksi & Evaluasi'!F12 -> drugB | C27: ='Prediksi & Evaluasi'!L12 -> drugB | D27: ='Prediksi & Evaluasi'!M12 -> 1 | E27: ='Prediksi & Evaluasi'!G12*$D$6 -> 0.0068587106 | F27: ='Prediksi & Evaluasi'!H12*$D$7 -> 0.021301775 | G27: ='Prediksi & Evaluasi'!I12*$D$8 -> 0 | H27: ='Prediksi & Evaluasi'!J12*$D$9 -> 0 | I27: ='Prediksi & Evaluasi'!K12*$D$10 -> 0 | J27: =INDEX({"drugA","drugB","drugC","drugX","DrugY"},MATCH(MAX(E27:I27),E27:I27,0)) -> drugB | K27: =IF(J27=B27,1,0) -> 1
A28: 9 | B28: ='Prediksi & Evaluasi'!F13 -> drugC | C28: ='Prediksi & Evaluasi'!L13 -> DrugY | D28: ='Prediksi & Evaluasi'!M13 -> 0 | E28: ='Prediksi & Evaluasi'!G13*$D$6 -> 0 | F28: ='Prediksi & Evaluasi'!H13*$D$7 -> 0 | G28: ='Prediksi & Evaluasi'!I13*$D$8 -> 0.010650888 | H28: ='Prediksi & Evaluasi'!J13*$D$9 -> 0.002882063 | I28: ='Prediksi & Evaluasi'!K13*$D$10 -> 0.002324489 | J28: =INDEX({"drugA","drugB","drugC","drugX","DrugY"},MATCH(MAX(E28:I28),E28:I28,0)) -> drugC | K28: =IF(J28=B28,1,0) -> 1
A29: 10 | B29: ='Prediksi & Evaluasi'!F14 -> drugC | C29: ='Prediksi & Evaluasi'!L14 -> drugX | D29: ='Prediksi & Evaluasi'!M14 -> 0 | E29: ='Prediksi & Evaluasi'!G14*$D$6 -> 0 | F29: ='Prediksi & Evaluasi'!H14*$D$7 -> 0 | G29: ='Prediksi & Evaluasi'!I14*$D$8 -> 0.0035502959 | H29: ='Prediksi & Evaluasi'!J14*$D$9 -> 0.0018796063 | I29: ='Prediksi & Evaluasi'!K14*$D$10 -> 0 | J29: =INDEX({"drugA","drugB","drugC","drugX","DrugY"},MATCH(MAX(E29:I29),E29:I29,0)) -> drugC | K29: =IF(J29=B29,1,0) -> 1
A30: 11 | B30: ='Prediksi & Evaluasi'!F15 -> drugC | C30: ='Prediksi & Evaluasi'!L15 -> drugC | D30: ='Prediksi & Evaluasi'!M15 -> 1 | E30: ='Prediksi & Evaluasi'!G15*$D$6 -> 0 | F30: ='Prediksi & Evaluasi'!H15*$D$7 -> 0 | G30: ='Prediksi & Evaluasi'!I15*$D$8 -> 0.031952663 | H30: ='Prediksi & Evaluasi'!J15*$D$9 -> 0.0038427507 | I30: ='Prediksi & Evaluasi'!K15*$D$10 -> 0.0050065918 | J30: =INDEX({"drugA","drugB","drugC","drugX","DrugY"},MATCH(MAX(E30:I30),E30:I30,0)) -> drugC | K30: =IF(J30=B30,1,0) -> 1
A31: 12 | B31: ='Prediksi & Evaluasi'!F16 -> drugX | C31: ='Prediksi & Evaluasi'!L16 -> drugX | D31: ='Prediksi & Evaluasi'!M16 -> 1 | E31: ='Prediksi & Evaluasi'!G16*$D$6 -> 0 | F31: ='Prediksi & Evaluasi'!H16*$D$7 -> 0 | G31: ='Prediksi & Evaluasi'!I16*$D$8 -> 0 | H31: ='Prediksi & Evaluasi'!J16*$D$9 -> 0.0059699877 | I31: ='Prediksi & Evaluasi'!K16*$D$10 -> 0.002324489 | J31: =INDEX({"drugA","drugB","drugC","drugX","DrugY"},MATCH(MAX(E31:I31),E31:I31,0)) -> drugX | K31: =IF(J31=B31,1,0) -> 1
... A59: 40 | B59: ='Prediksi & Evaluasi'!F44 -> DrugY | C59: ='Prediksi & Evaluasi'!L44 -> drugC | D59: ='Prediksi & Evaluasi'!M44 -> 0 | E59: ='Prediksi & Evaluasi'!G44*$D$6 -> 0 | F59: ='Prediksi & Evaluasi'!H44*$D$7 -> 0 | G59: ='Prediksi & Evaluasi'!I44*$D$8 -> 0.095857988 | H59: ='Prediksi & Evaluasi'!J44*$D$9 -> 0.007045043 | I59: ='Prediksi & Evaluasi'!K44*$D$10 -> 0.0057218192 | J59: =INDEX({"drugA","drugB","drugC","drugX","DrugY"},MATCH(MAX(E59:I59),E59:I59,0)) -> drugC | K59: =IF(J59=B59,1,0) -> 0
A61: 3. RINGKASAN & PERBANDINGAN AKURASI
A62: Akurasi Awal (Tanpa Class Weight) | B62: =Ringkasan!B6 -> 0.7
A63: Jumlah Prediksi Benar (Dengan Class Weight) | B63: =SUM(K20:K59) -> 27
A64: Akurasi (Dengan Class Weight) | B64: =B63/40 -> 0.675
A65: Selisih Akurasi (Weighted - Awal) | B65: =B64-B62 -> -0.025
A67: CONFUSION MATRIX - DENGAN CLASS WEIGHT (Baris = Aktual, Kolom = Prediksi)
A68: Aktual \ Prediksi | B68: drugA | C68: drugB | D68: drugC | E68: drugX | F68: DrugY | G68: Total
A69: drugA | B69: =COUNTIFS($B$20:$B$59,$A69,$J$20:$J$59,B$68) -> 4 | C69: =COUNTIFS($B$20:$B$59,$A69,$J$20:$J$59,C$68) -> 1 | D69: =COUNTIFS($B$20:$B$59,$A69,$J$20:$J$59,D$68) -> 0 | E69: =COUNTIFS($B$20:$B$59,$A69,$J$20:$J$59,E$68) -> 0 | F69: =COUNTIFS($B$20:$B$59,$A69,$J$20:$J$59,F$68) -> 0 | G69: =SUM(B69:F69) -> 5
A70: drugB | B70: =COUNTIFS($B$20:$B$59,$A70,$J$20:$J$59,B$68) -> 0 | C70: =COUNTIFS($B$20:$B$59,$A70,$J$20:$J$59,C$68) -> 3 | D70: =COUNTIFS($B$20:$B$59,$A70,$J$20:$J$59,D$68) -> 0 | E70: =COUNTIFS($B$20:$B$59,$A70,$J$20:$J$59,E$68) -> 0 | F70: =COUNTIFS($B$20:$B$59,$A70,$J$20:$J$59,F$68) -> 0 | G70: =SUM(B70:F70) -> 3
A71: drugC | B71: =COUNTIFS($B$20:$B$59,$A71,$J$20:$J$59,B$68) -> 0 | C71: =COUNTIFS($B$20:$B$59,$A71,$J$20:$J$59,C$68) -> 0 | D71: =COUNTIFS($B$20:$B$59,$A71,$J$20:$J$59,D$68) -> 3 | E71: =COUNTIFS($B$20:$B$59,$A71,$J$20:$J$59,E$68) -> 0 | F71: =COUNTIFS($B$20:$B$59,$A71,$J$20:$J$59,F$68) -> 0 | G71: =SUM(B71:F71) -> 3
A72: drugX | B72: =COUNTIFS($B$20:$B$59,$A72,$J$20:$J$59,B$68) -> 0 | C72: =COUNTIFS($B$20:$B$59,$A72,$J$20:$J$59,C$68) -> 0 | D72: =COUNTIFS($B$20:$B$59,$A72,$J$20:$J$59,D$68) -> 0 | E72: =COUNTIFS($B$20:$B$59,$A72,$J$20:$J$59,E$68) -> 9 | F72: =COUNTIFS($B$20:$B$59,$A72,$J$20:$J$59,F$68) -> 2 | G72: =SUM(B72:F72) -> 11
A73: DrugY | B73: =COUNTIFS($B$20:$B$59,$A73,$J$20:$J$59,B$68) -> 4 | C73: =COUNTIFS($B$20:$B$59,$A73,$J$20:$J$59,C$68) -> 0 | D73: =COUNTIFS($B$20:$B$59,$A73,$J$20:$J$59,D$68) -> 4 | E73: =COUNTIFS($B$20:$B$59,$A73,$J$20:$J$59,E$68) -> 2 | F73: =COUNTIFS($B$20:$B$59,$A73,$J$20:$J$59,F$68) -> 8 | G73: =SUM(B73:F73) -> 18
A74: Total | B74: =SUM(B69:B73) -> 8 | C74: =SUM(C69:C73) -> 4 | D74: =SUM(D69:D73) -> 7 | E74: =SUM(E69:E73) -> 11 | F74: =SUM(F69:F73) -> 10 | G74: =SUM(G69:G73) -> 40
A76: Catatan: bandingkan confusion matrix ini dengan sheet Ringkasan (tanpa class weight) untuk melihat apakah pembobotan membantu kelas minoritas (drugB, drugC) lebih sering terprediksi benar, meskipun akurasi total bisa naik/turun.
